0, 628.236, 13, 87, -0.0833371
1, 599.961, 13, 87, -0.156196
1, 599.961, 87, 87, -0.00971466
2, 572.958, 13, 87, -0.21449
2, 572.958, 87, 87, -0.0351299
2, 572.958, 147, 160, -0.00394347
3, 547.171, 13, 87, -0.267877
3, 547.171, 87, 87, -0.0585662
3, 547.171, 121, 326, 0.0592685
3, 547.171, 147, 160, -0.0815435
4, 522.544, 13, 87, -0.319164
4, 522.544, 87, 87, -0.0800233
4, 522.544, 121, 326, 0.143369
4, 522.544, 147, 160, -0.154969
5, 499.025, 13, 87, -0.368142
5, 499.025, 87, 87, -0.100515
5, 499.025, 121, 326, 0.223684
5, 499.025, 147, 160, -0.225089
6, 476.566, 13, 87, -0.414915
6, 476.566, 87, 87, -0.120085
6, 476.566, 121, 326, 0.300385
6, 476.566, 147, 160, -0.292054
7, 455.117, 13, 87, -0.459584
7, 455.117, 87, 87, -0.138773
7, 455.117, 121, 326, 0.373633
7, 455.117, 147, 160, -0.356004
8, 434.633, 13, 87, -0.502379
8, 434.633, 87, 87, -0.154381
8, 434.633, 121, 326, 0.442673
8, 434.633, 147, 160, -0.416005
8, 434.633, 191, 195, -0.0592945
8, 434.633, 287, 469, 0.0898651
9, 415.071, 13, 87, -0.543286
9, 415.071, 87, 87, -0.168939
9, 415.071, 121, 326, 0.508588
9, 415.071, 147, 160, -0.473206
9, 415.071, 191, 195, -0.126305
9, 415.071, 287, 469, 0.180696
10, 396.39, 13, 87, -0.581602
10, 396.39, 16, 106, -0.0384144
10, 396.39, 87, 87, -0.18295
10, 396.39, 121, 326, 0.573142
10, 396.39, 147, 160, -0.527341
10, 396.39, 191, 195, -0.190111
10, 396.39, 287, 469, 0.26588
11, 378.55, 13, 87, -0.617959
11, 378.55, 16, 106, -0.0870965
11, 378.55, 87, 87, -0.196363
11, 378.55, 121, 326, 0.635292
11, 378.55, 147, 160, -0.578886
11, 378.55, 191, 195, -0.250985
11, 378.55, 287, 469, 0.346742
12, 361.512, 13, 87, -0.652998
12, 361.512, 16, 106, -0.135223
12, 361.512, 41, 591, 0.0335358
12, 361.512, 87, 87, -0.209369
12, 361.512, 111, 349, 0.054302
12, 361.512, 121, 326, 0.694554
12, 361.512, 147, 160, -0.629332
12, 361.512, 191, 195, -0.307078
12, 361.512, 287, 469, 0.422664
13, 345.241, 13, 87, -0.687765
13, 345.241, 16, 106, -0.180134
13, 345.241, 24, 67, 0.0157474
13, 345.241, 41, 591, 0.103916
13, 345.241, 43, 83, -0.0166436
13, 345.241, 87, 87, -0.220246
13, 345.241, 111, 349, 0.112324
13, 345.241, 121, 326, 0.751529
13, 345.241, 136, 307, -0.0325845
13, 345.241, 147, 160, -0.676389
13, 345.241, 152, 696, 0.0309525
13, 345.241, 191, 195, -0.356487
13, 345.241, 207, 438, 0.0490384
13, 345.241, 287, 469, 0.494529
14, 329.703, 13, 87, -0.723945
14, 329.703, 16, 106, -0.220588
14, 329.703, 24, 67, 0.0668921
14, 329.703, 41, 591, 0.172357
14, 329.703, 43, 83, -0.0572146
14, 329.703, 87, 87, -0.22889
14, 329.703, 111, 349, 0.169025
14, 329.703, 121, 326, 0.805572
14, 329.703, 136, 307, -0.082825
14, 329.703, 147, 160, -0.721961
14, 329.703, 152, 696, 0.114603
14, 329.703, 191, 195, -0.399621
14, 329.703, 207, 438, 0.115511
14, 329.703, 287, 469, 0.562644
15, 314.864, 13, 87, -0.758497
15, 314.864, 16, 106, -0.259222
15, 314.864, 24, 67, 0.115735
15, 314.864, 41, 591, 0.237717
15, 314.864, 43, 83, -0.0959597
15, 314.864, 87, 87, -0.237145
15, 314.864, 111, 349, 0.223174
15, 314.864, 121, 326, 0.857182
15, 314.864, 136, 307, -0.130804
15, 314.864, 147, 160, -0.765481
15, 314.864, 152, 696, 0.194489
15, 314.864, 191, 195, -0.440812
15, 314.864, 207, 438, 0.178993
15, 314.864, 287, 469, 0.627694
16, 300.693, 13, 87, -0.791763
16, 300.693, 16, 106, -0.295903
16, 300.693, 24, 67, 0.162598
16, 300.693, 41, 591, 0.300211
16, 300.693, 43, 83, -0.128968
16, 300.693, 43, 93, -0.00812301
16, 300.693, 87, 87, -0.245127
16, 300.693, 93, 93, -0.013941
16, 300.693, 93, 174, -0.00551991
16, 300.693, 111, 349, 0.274906
16, 300.693, 121, 326, 0.90529
16, 300.693, 136, 307, -0.176808
16, 300.693, 147, 160, -0.806334
16, 300.693, 152, 696, 0.271036
16, 300.693, 191, 195, -0.47957
16, 300.693, 207, 438, 0.238292
16, 300.693, 228, 928, 0.0329971
16, 300.693, 287, 469, 0.688731
17, 287.159, 13, 87, -0.823958
17, 287.159, 16, 106, -0.329256
17, 287.159, 24, 67, 0.207621
17, 287.159, 41, 591, 0.360515
17, 287.159, 43, 83, -0.15884
17, 287.159, 43, 93, -0.016185
17, 287.159, 87, 87, -0.251517
17, 287.159, 93, 93, -0.0234063
17, 287.159, 93, 174, -0.0329517
17, 287.159, 111, 349, 0.324448
17, 287.159, 121, 326, 0.948513
17, 287.159, 136, 307, -0.221098
17, 287.159, 147, 160, -0.845294
17, 287.159, 152, 696, 0.342825
17, 287.159, 191, 195, -0.514668
17, 287.159, 207, 438, 0.294302
17, 287.159, 228, 928, 0.147065
17, 287.159, 287, 469, 0.746771
18, 274.235, 13, 87, -0.854218
18, 274.235, 16, 106, -0.361192
18, 274.235, 24, 67, 0.250209
18, 274.235, 41, 591, 0.418878
18, 274.235, 43, 83, -0.188697
18, 274.235, 43, 93, -0.0215865
18, 274.235, 87, 87, -0.257421
18, 274.235, 93, 93, -0.0325991
18, 274.235, 93, 174, -0.0584493
18, 274.235, 111, 349, 0.372445
18, 274.235, 121, 326, 0.990711
18, 274.235, 136, 307, -0.26289
18, 274.235, 147, 160, -0.882019
18, 274.235, 152, 696, 0.409123
18, 274.235, 191, 195, -0.549247
18, 274.235, 207, 438, 0.348077
18, 274.235, 216, 381, 0.0433686
18, 274.235, 228, 928, 0.255101
18, 274.235, 287, 469, 0.803678
18, 274.235, 455, 584, -0.0238484
19, 261.892, 13, 87, -0.883504
19, 261.892, 16, 106, -0.39355
19, 261.892, 24, 67, 0.289999
19, 261.892, 41, 591, 0.474879
19, 261.892, 43, 83, -0.216903
19, 261.892, 43, 93, -0.026939
19, 261.892, 87, 87, -0.2609
19, 261.892, 93, 93, -0.040295
19, 261.892, 93, 174, -0.0824953
19, 261.892, 111, 349, 0.415936
19, 261.892, 121, 326, 1.02685
19, 261.892, 136, 307, -0.303794
19, 261.892, 147, 160, -0.920369
19, 261.892, 152, 696, 0.470878
19, 261.892, 164, 606, -0.0516465
19, 261.892, 191, 195, -0.580155
19, 261.892, 207, 438, 0.399088
19, 261.892, 216, 381, 0.091266
19, 261.892, 228, 928, 0.35686
19, 261.892, 287, 469, 0.857796
19, 261.892, 455, 584, -0.0969773
19, 261.892, 507, 763, 0.0772595
20, 250.105, 13, 87, -0.910467
20, 250.105, 16, 106, -0.423619
20, 250.105, 24, 67, 0.327941
20, 250.105, 41, 591, 0.527673
20, 250.105, 43, 83, -0.24482
20, 250.105, 43, 93, -0.0317296
20, 250.105, 87, 87, -0.264844
20, 250.105, 93, 93, -0.0489898
20, 250.105, 93, 174, -0.106483
20, 250.105, 111, 349, 0.458348
20, 250.105, 121, 326, 1.06168
20, 250.105, 136, 307, -0.342562
20, 250.105, 147, 160, -0.956785
20, 250.105, 152, 696, 0.531096
20, 250.105, 164, 606, -0.106806
20, 250.105, 191, 195, -0.609101
20, 250.105, 207, 438, 0.447425
20, 250.105, 216, 381, 0.137319
20, 250.105, 228, 928, 0.452981
20, 250.105, 287, 469, 0.910687
20, 250.105, 314, 593, -0.0556149
20, 250.105, 455, 584, -0.166054
20, 250.105, 507, 763, 0.169059
21, 238.849, 13, 87, -0.936153
21, 238.849, 16, 106, -0.45043
21, 238.849, 24, 67, 0.365136
21, 238.849, 41, 591, 0.576707
21, 238.849, 43, 83, -0.270595
21, 238.849, 43, 93, -0.0348602
21, 238.849, 87, 87, -0.268168
21, 238.849, 93, 93, -0.0590679
21, 238.849, 93, 174, -0.130108
21, 238.849, 111, 349, 0.499451
21, 238.849, 121, 326, 1.09614
21, 238.849, 129, 735, 0.0416972
21, 238.849, 136, 307, -0.379441
21, 238.849, 147, 160, -0.991634
21, 238.849, 152, 696, 0.58856
21, 238.849, 164, 606, -0.159373
21, 238.849, 191, 195, -0.636242
21, 238.849, 207, 438, 0.493079
21, 238.849, 216, 381, 0.180275
21, 238.849, 228, 928, 0.544899
21, 238.849, 287, 469, 0.960515
21, 238.849, 314, 593, -0.122387
21, 238.849, 455, 584, -0.231308
21, 238.849, 507, 763, 0.255742
21, 238.849, 750, 750, -0.0251175
22, 228.099, 11, 616, 0.00880334
22, 228.099, 13, 87, -0.96048
22, 228.099, 16, 106, -0.475364
22, 228.099, 24, 67, 0.401097
22, 228.099, 41, 591, 0.622752
22, 228.099, 43, 83, -0.294617
22, 228.099, 43, 93, -0.0370806
22, 228.099, 87, 87, -0.271397
22, 228.099, 93, 93, -0.0691356
22, 228.099, 93, 174, -0.152809
22, 228.099, 111, 349, 0.539135
22, 228.099, 121, 326, 1.1296
22, 228.099, 129, 735, 0.102144
22, 228.099, 136, 307, -0.414886
22, 228.099, 147, 160, -1.02487
22, 228.099, 152, 696, 0.64373
22, 228.099, 164, 606, -0.209612
22, 228.099, 191, 195, -0.662256
22, 228.099, 207, 438, 0.536272
22, 228.099, 216, 381, 0.220934
22, 228.099, 228, 928, 0.63304
22, 228.099, 274, 552, 0.00940363
22, 228.099, 287, 469, 1.00739
22, 228.099, 314, 593, -0.185903
22, 228.099, 455, 584, -0.292878
22, 228.099, 507, 763, 0.338906
22, 228.099, 750, 750, -0.0589681
23, 217.833, 11, 616, 0.0536245
23, 217.833, 13, 87, -0.982798
23, 217.833, 16, 106, -0.499068
23, 217.833, 24, 67, 0.436147
23, 217.833, 32, 555, 0.0185668
23, 217.833, 41, 591, 0.66693
23, 217.833, 43, 83, -0.317314
23, 217.833, 43, 93, -0.0387088
23, 217.833, 87, 87, -0.274413
23, 217.833, 87, 750, -0.0106869
23, 217.833, 93, 93, -0.0774666
23, 217.833, 93, 174, -0.174033
23, 217.833, 111, 349, 0.578274
23, 217.833, 121, 326, 1.16291
23, 217.833, 129, 735, 0.158148
23, 217.833, 136, 307, -0.449927
23, 217.833, 147, 160, -1.05631
23, 217.833, 152, 696, 0.697604
23, 217.833, 164, 606, -0.258156
23, 217.833, 191, 195, -0.688641
23, 217.833, 207, 438, 0.576976
23, 217.833, 216, 381, 0.260711
23, 217.833, 228, 928, 0.718509
23, 217.833, 274, 552, 0.069077
23, 217.833, 287, 469, 1.05106
23, 217.833, 314, 593, -0.246422
23, 217.833, 455, 584, -0.350569
23, 217.833, 507, 763, 0.42243
23, 217.833, 750, 750, -0.0886865
24, 208.028, 11, 616, 0.0952806
24, 208.028, 13, 87, -1.00482
24, 208.028, 16, 106, -0.520552
24, 208.028, 24, 67, 0.469483
24, 208.028, 32, 555, 0.0632441
24, 208.028, 41, 591, 0.710346
24, 208.028, 43, 83, -0.339095
24, 208.028, 43, 93, -0.0404481
24, 208.028, 87, 87, -0.269349
24, 208.028, 87, 750, -0.0605473
24, 208.028, 93, 93, -0.0845421
24, 208.028, 93, 174, -0.195151
24, 208.028, 111, 349, 0.615831
24, 208.028, 121, 326, 1.19504
24, 208.028, 129, 735, 0.211456
24, 208.028, 136, 307, -0.482789
24, 208.028, 147, 160, -1.08612
24, 208.028, 152, 696, 0.747966
24, 208.028, 164, 606, -0.30522
24, 208.028, 166, 779, 0.0101664
24, 208.028, 191, 195, -0.713432
24, 208.028, 207, 438, 0.61753
24, 208.028, 216, 381, 0.299561
24, 208.028, 228, 928, 0.801625
24, 208.028, 274, 552, 0.126373
24, 208.028, 287, 469, 1.09292
24, 208.028, 314, 593, -0.303651
24, 208.028, 455, 584, -0.406473
24, 208.028, 507, 763, 0.502573
24, 208.028, 750, 750, -0.0986927
25, 198.666, 11, 616, 0.134184
25, 198.666, 13, 87, -1.02825
25, 198.666, 16, 106, -0.541638
25, 198.666, 24, 67, 0.501164
25, 198.666, 32, 555, 0.104389
25, 198.666, 41, 591, 0.751817
25, 198.666, 43, 83, -0.360709
25, 198.666, 43, 93, -0.0424427
25, 198.666, 87, 87, -0.263725
25, 198.666, 87, 750, -0.107032
25, 198.666, 93, 93, -0.0915138
25, 198.666, 93, 174, -0.214211
25, 198.666, 111, 349, 0.652571
25, 198.666, 120, 884, -0.0326505
25, 198.666, 121, 326, 1.22569
25, 198.666, 129, 735, 0.262848
25, 198.666, 136, 307, -0.515107
25, 198.666, 138, 212, 0.00538837
25, 198.666, 147, 160, -1.11439
25, 198.666, 152, 696, 0.795642
25, 198.666, 164, 606, -0.352043
25, 198.666, 166, 779, 0.0719583
25, 198.666, 191, 195, -0.737725
25, 198.666, 207, 438, 0.655552
25, 198.666, 209, 617, -0.0176293
25, 198.666, 216, 381, 0.337019
25, 198.666, 228, 928, 0.878369
25, 198.666, 274, 552, 0.182218
25, 198.666, 287, 469, 1.13271
25, 198.666, 314, 593, -0.360692
25, 198.666, 455, 584, -0.458074
25, 198.666, 507, 763, 0.577862
25, 198.666, 750, 750, -0.109779
26, 189.724, 11, 616, 0.171353
26, 189.724, 13, 87, -1.0522
26, 189.724, 16, 106, -0.562711
26, 189.724, 24, 67, 0.531507
26, 189.724, 32, 555, 0.143342
26, 189.724, 41, 591, 0.793396
26, 189.724, 43, 83, -0.379062
26, 189.724, 43, 93, -0.0458327
26, 189.724, 83, 93, -0.00369608
26, 189.724, 87, 87, -0.256619
26, 189.724, 87, 750, -0.153527
26, 189.724, 93, 93, -0.0951752
26, 189.724, 93, 174, -0.232032
26, 189.724, 111, 349, 0.689046
26, 189.724, 120, 884, -0.116353
26, 189.724, 121, 326, 1.25414
26, 189.724, 129, 735, 0.311027
26, 189.724, 136, 307, -0.547293
26, 189.724, 138, 212, 0.0393772
26, 189.724, 147, 160, -1.14197
26, 189.724, 152, 696, 0.841558
26, 189.724, 164, 606, -0.397406
26, 189.724, 166, 779, 0.130609
26, 189.724, 191, 195, -0.76127
26, 189.724, 207, 438, 0.692066
26, 189.724, 209, 617, -0.0600587
26, 189.724, 216, 381, 0.374071
26, 189.724, 228, 928, 0.949954
26, 189.724, 274, 552, 0.23841
26, 189.724, 287, 469, 1.17028
26, 189.724, 314, 593, -0.415254
26, 189.724, 455, 584, -0.508304
26, 189.724, 507, 763, 0.650666
26, 189.724, 750, 750, -0.119227
27, 181.185, 11, 616, 0.206718
27, 181.185, 13, 87, -1.07497
27, 181.185, 16, 106, -0.582931
27, 181.185, 24, 67, 0.560443
27, 181.185, 32, 555, 0.180549
27, 181.185, 41, 591, 0.833178
27, 181.185, 43, 83, -0.39424
27, 181.185, 43, 93, -0.050265
27, 181.185, 83, 93, -0.0129659
27, 181.185, 87, 87, -0.249629
27, 181.185, 87, 750, -0.198398
27, 181.185, 93, 93, -0.0955602
27, 181.185, 93, 174, -0.248756
27, 181.185, 111, 349, 0.723936
27, 181.185, 120, 884, -0.19647
27, 181.185, 121, 326, 1.28132
27, 181.185, 129, 735, 0.357273
27, 181.185, 136, 307, -0.577923
27, 181.185, 138, 212, 0.0718816
27, 181.185, 147, 160, -1.16824
27, 181.185, 152, 696, 0.885413
27, 181.185, 164, 606, -0.440631
27, 181.185, 166, 779, 0.186539
27, 181.185, 191, 195, -0.783707
27, 181.185, 201, 405, -0.00401713
27, 181.185, 207, 438, 0.727021
27, 181.185, 209, 617, -0.100667
27, 181.185, 216, 381, 0.409414
27, 181.185, 228, 928, 1.01805
27, 181.185, 274, 552, 0.292043
27, 181.185, 287, 469, 1.2064
27, 181.185, 314, 593, -0.467334
27, 181.185, 455, 584, -0.556546
27, 181.185, 507, 763, 0.720471
27, 181.185, 750, 750, -0.127981
28, 173.031, 11, 616, 0.240503
28, 173.031, 13, 87, -1.09707
28, 173.031, 16, 106, -0.602513
28, 173.031, 24, 67, 0.588523
28, 173.031, 32, 555, 0.216834
28, 173.031, 41, 591, 0.871417
28, 173.031, 43, 83, -0.408858
28, 173.031, 43, 93, -0.0531172
28, 173.031, 83, 93, -0.01811
28, 173.031, 87, 87, -0.242611
28, 173.031, 87, 750, -0.242938
28, 173.031, 93, 93, -0.0921346
28, 173.031, 93, 174, -0.265371
28, 173.031, 93, 891, -0.051056
28, 173.031, 111, 349, 0.757778
28, 173.031, 120, 884, -0.270669
28, 173.031, 121, 326, 1.3074
28, 173.031, 129, 735, 0.402251
28, 173.031, 136, 307, -0.605997
28, 173.031, 138, 212, 0.104527
28, 173.031, 147, 160, -1.19305
28, 173.031, 152, 696, 0.927576
28, 173.031, 164, 606, -0.481046
28, 173.031, 166, 779, 0.241343
28, 173.031, 191, 195, -0.80394
28, 173.031, 201, 405, -0.046905
28, 173.031, 207, 438, 0.75997
28, 173.031, 209, 617, -0.139676
28, 173.031, 216, 381, 0.443411
28, 173.031, 228, 928, 1.08217
28, 173.031, 274, 552, 0.344871
28, 173.031, 287, 469, 1.24257
28, 173.031, 314, 593, -0.517504
28, 173.031, 455, 584, -0.602651
28, 173.031, 507, 763, 0.787608
28, 173.031, 750, 750, -0.136029
29, 165.243, 11, 616, 0.273699
29, 165.243, 13, 87, -1.11854
29, 165.243, 16, 106, -0.621076
29, 165.243, 24, 67, 0.61595
29, 165.243, 32, 555, 0.251042
29, 165.243, 41, 591, 0.907682
29, 165.243, 43, 83, -0.422453
29, 165.243, 43, 93, -0.0546147
29, 165.243, 83, 93, -0.0215741
29, 165.243, 87, 87, -0.235824
29, 165.243, 87, 750, -0.285289
29, 165.243, 93, 93, -0.0879076
29, 165.243, 93, 174, -0.281009
29, 165.243, 93, 891, -0.117782
29, 165.243, 111, 349, 0.790186
29, 165.243, 120, 884, -0.341304
29, 165.243, 121, 326, 1.33182
29, 165.243, 129, 735, 0.445036
29, 165.243, 136, 307, -0.632197
29, 165.243, 138, 212, 0.136431
29, 165.243, 147, 160, -1.21672
29, 165.243, 152, 696, 0.969054
29, 165.243, 164, 606, -0.519639
29, 165.243, 166, 779, 0.293392
29, 165.243, 191, 195, -0.823427
29, 165.243, 201, 405, -0.0885845
29, 165.243, 207, 438, 0.791444
29, 165.243, 209, 617, -0.176817
29, 165.243, 216, 381, 0.475837
29, 165.243, 228, 928, 1.14162
29, 165.243, 274, 552, 0.395565
29, 165.243, 287, 469, 1.27644
29, 165.243, 314, 593, -0.565544
29, 165.243, 455, 584, -0.646101
29, 165.243, 507, 763, 0.851635
29, 165.243, 750, 750, -0.143725
29, 165.243, 839, 839, 0.0205215
30, 157.806, 11, 616, 0.305565
30, 157.806, 13, 87, -1.13909
30, 157.806, 16, 106, -0.638795
30, 157.806, 24, 67, 0.642219
30, 157.806, 32, 555, 0.283594
30, 157.806, 41, 591, 0.942249
30, 157.806, 43, 83, -0.435314
30, 157.806, 43, 93, -0.0559729
30, 157.806, 83, 93, -0.0248019
30, 157.806, 87, 87, -0.229313
30, 157.806, 87, 750, -0.32574
30, 157.806, 93, 93, -0.083963
30, 157.806, 93, 174, -0.29591
30, 157.806, 93, 891, -0.181429
30, 157.806, 111, 349, 0.821134
30, 157.806, 120, 884, -0.408859
30, 157.806, 121, 326, 1.35505
30, 157.806, 129, 735, 0.485915
30, 157.806, 136, 307, -0.657135
30, 157.806, 138, 212, 0.16702
30, 157.806, 147, 160, -1.23934
30, 157.806, 152, 696, 1.00887
30, 157.806, 164, 606, -0.556455
30, 157.806, 166, 779, 0.343007
30, 157.806, 191, 195, -0.842085
30, 157.806, 201, 405, -0.128408
30, 157.806, 207, 438, 0.82152
30, 157.806, 209, 617, -0.212288
30, 157.806, 216, 381, 0.5068
30, 157.806, 228, 928, 1.19814
30, 157.806, 234, 716, 0.000603788
30, 157.806, 274, 552, 0.44392
30, 157.806, 287, 469, 1.30861
30, 157.806, 314, 593, -0.61143
30, 157.806, 455, 584, -0.687576
30, 157.806, 507, 763, 0.912791
30, 157.806, 750, 750, -0.151017
30, 157.806, 839, 839, 0.0439282
31, 150.703, 11, 616, 0.335762
31, 150.703, 13, 87, -1.15814
31, 150.703, 16, 106, -0.656781
31, 150.703, 24, 67, 0.667211
31, 150.703, 32, 555, 0.315313
31, 150.703, 41, 591, 0.977546
31, 150.703, 43, 83, -0.446451
31, 150.703, 43, 93, -0.0570806
31, 150.703, 83, 93, -0.0278965
31, 150.703, 87, 87, -0.222711
31, 150.703, 87, 750, -0.367657
31, 150.703, 93, 93, -0.0796075
31, 150.703, 93, 174, -0.311766
31, 150.703, 93, 891, -0.243138
31, 150.703, 111, 349, 0.851581
31, 150.703, 120, 884, -0.475689
31, 150.703, 121, 326, 1.37695
31, 150.703, 129, 735, 0.525262
31, 150.703, 136, 307, -0.680613
31, 150.703, 138, 212, 0.196915
31, 150.703, 147, 160, -1.25993
31, 150.703, 152, 696, 1.04794
31, 150.703, 164, 606, -0.591707
31, 150.703, 166, 779, 0.388383
31, 150.703, 191, 195, -0.858706
31, 150.703, 201, 405, -0.167897
31, 150.703, 207, 438, 0.850583
31, 150.703, 209, 617, -0.247508
31, 150.703, 216, 381, 0.53703
31, 150.703, 228, 928, 1.25146
31, 150.703, 234, 716, 0.0565107
31, 150.703, 274, 552, 0.489228
31, 150.703, 287, 469, 1.339
31, 150.703, 314, 593, -0.656056
31, 150.703, 455, 584, -0.727313
31, 150.703, 507, 763, 0.972948
31, 150.703, 525, 839, 0.0379208
31, 150.703, 750, 750, -0.15397
31, 150.703, 839, 839, 0.0567433
32, 143.921, 11, 616, 0.363669
32, 143.921, 13, 87, -1.17742
32, 143.921, 16, 106, -0.674515
32, 143.921, 24, 67, 0.691003
32, 143.921, 32, 555, 0.34551
32, 143.921, 41, 591, 1.01259
32, 143.921, 43, 83, -0.457819
32, 143.921, 43, 93, -0.0571974
32, 143.921, 83, 93, -0.030272
32, 143.921, 87, 87, -0.215087
32, 143.921, 87, 750, -0.41226
32, 143.921, 93, 93, -0.0760415
32, 143.921, 93, 174, -0.325809
32, 143.921, 93, 891, -0.303041
32, 143.921, 111, 349, 0.881021
32, 143.921, 120, 884, -0.540744
32, 143.921, 121, 326, 1.39934
32, 143.921, 129, 735, 0.563294
32, 143.921, 136, 307, -0.702238
32, 143.921, 138, 212, 0.226235
32, 143.921, 147, 160, -1.27854
32, 143.921, 152, 696, 1.08456
32, 143.921, 164, 606, -0.625587
32, 143.921, 166, 779, 0.431718
32, 143.921, 191, 195, -0.874662
32, 143.921, 201, 405, -0.20519
32, 143.921, 207, 438, 0.87663
32, 143.921, 209, 617, -0.28117
32, 143.921, 216, 381, 0.566786
32, 143.921, 228, 928, 1.30262
32, 143.921, 234, 716, 0.111574
32, 143.921, 274, 552, 0.534404
32, 143.921, 287, 469, 1.36817
32, 143.921, 314, 593, -0.698666
32, 143.921, 455, 584, -0.765559
32, 143.921, 507, 763, 1.02968
32, 143.921, 525, 839, 0.119638
32, 143.921, 536, 628, -0.0370606
32, 143.921, 750, 750, -0.154363
32, 143.921, 839, 839, 0.0561281
33, 137.443, 11, 616, 0.390567
33, 137.443, 13, 87, -1.1963
33, 137.443, 16, 106, -0.691925
33, 137.443, 24, 67, 0.713484
33, 137.443, 32, 555, 0.373984
33, 137.443, 41, 591, 1.04632
33, 137.443, 43, 83, -0.469048
33, 137.443, 43, 93, -0.0571284
33, 137.443, 73, 393, 0.0114161
33, 137.443, 83, 93, -0.0320799
33, 137.443, 87, 87, -0.207802
33, 137.443, 87, 750, -0.455848
33, 137.443, 93, 93, -0.0710048
33, 137.443, 93, 143, -0.00457718
33, 137.443, 93, 174, -0.338418
33, 137.443, 93, 891, -0.360148
33, 137.443, 111, 349, 0.909263
33, 137.443, 120, 884, -0.603017
33, 137.443, 121, 326, 1.42123
33, 137.443, 129, 735, 0.60009
33, 137.443, 136, 307, -0.722876
33, 137.443, 138, 212, 0.254753
33, 137.443, 147, 160, -1.29604
33, 137.443, 152, 696, 1.11908
33, 137.443, 164, 606, -0.657759
33, 137.443, 166, 779, 0.472914
33, 137.443, 191, 195, -0.889769
33, 137.443, 201, 405, -0.241211
33, 137.443, 207, 438, 0.900185
33, 137.443, 209, 617, -0.313166
33, 137.443, 216, 381, 0.595324
33, 137.443, 228, 928, 1.35064
33, 137.443, 234, 716, 0.164888
33, 137.443, 274, 552, 0.578484
33, 137.443, 287, 469, 1.39577
33, 137.443, 314, 593, -0.739278
33, 137.443, 455, 584, -0.802581
33, 137.443, 507, 763, 1.08391
33, 137.443, 525, 839, 0.198462
33, 137.443, 536, 628, -0.0909208
33, 137.443, 750, 750, -0.154896
33, 137.443, 839, 839, 0.0548071
34, 131.257, 11, 616, 0.416474
34, 131.257, 13, 87, -1.21439
34, 131.257, 16, 106, -0.708774
34, 131.257, 24, 67, 0.734888
34, 131.257, 32, 555, 0.401233
34, 131.257, 41, 591, 1.07811
34, 131.257, 43, 83, -0.479659
34, 131.257, 43, 93, -0.0570905
34, 131.257, 73, 393, 0.0321392
34, 131.257, 83, 93, -0.0333847
34, 131.257, 87, 87, -0.200947
34, 131.257, 87, 750, -0.497871
34, 131.257, 93, 93, -0.0647188
34, 131.257, 93, 143, -0.0128591
34, 131.257, 93, 174, -0.350776
34, 131.257, 93, 891, -0.414414
34, 131.257, 111, 349, 0.936295
34, 131.257, 120, 884, -0.662334
34, 131.257, 121, 326, 1.44247
34, 131.257, 129, 735, 0.635832
34, 131.257, 136, 307, -0.74225
34, 131.257, 138, 212, 0.281995
34, 131.257, 147, 160, -1.31256
34, 131.257, 152, 696, 1.15189
34, 131.257, 164, 606, -0.687285
34, 131.257, 166, 779, 0.511785
34, 131.257, 191, 195, -0.904481
34, 131.257, 201, 405, -0.276354
34, 131.257, 207, 438, 0.922708
34, 131.257, 209, 617, -0.342425
34, 131.257, 216, 381, 0.622429
34, 131.257, 228, 928, 1.39532
34, 131.257, 234, 716, 0.216034
34, 131.257, 274, 552, 0.620203
34, 131.257, 287, 469, 1.42189
34, 131.257, 314, 593, -0.778695
34, 131.257, 329, 540, -0.0121699
34, 131.257, 429, 429, 0.00813571
34, 131.257, 455, 584, -0.838781
34, 131.257, 507, 763, 1.13571
34, 131.257, 525, 839, 0.273335
34, 131.257, 536, 628, -0.142038
34, 131.257, 750, 750, -0.155267
34, 131.257, 839, 839, 0.0530586
35, 125.35, 11, 616, 0.441511
35, 125.35, 13, 87, -1.23089
35, 125.35, 16, 93, -0.00482529
35, 125.35, 16, 96, -0.00326888
35, 125.35, 16, 106, -0.723162
35, 125.35, 24, 67, 0.755096
35, 125.35, 32, 555, 0.427605
35, 125.35, 41, 591, 1.10861
35, 125.35, 43, 83, -0.48998
35, 125.35, 43, 93, -0.0565636
35, 125.35, 73, 393, 0.0517339
35, 125.35, 83, 93, -0.0335144
35, 125.35, 87, 87, -0.194949
35, 125.35, 87, 750, -0.537831
35, 125.35, 91, 341, -0.0174415
35, 125.35, 93, 93, -0.0568985
35, 125.35, 93, 143, -0.0210277
35, 125.35, 93, 174, -0.363153
35, 125.35, 93, 891, -0.464688
35, 125.35, 111, 349, 0.962447
35, 125.35, 120, 884, -0.719193
35, 125.35, 121, 326, 1.46325
35, 125.35, 129, 735, 0.670449
35, 125.35, 136, 307, -0.76087
35, 125.35, 138, 212, 0.308048
35, 125.35, 147, 160, -1.32666
35, 125.35, 152, 696, 1.18331
35, 125.35, 164, 606, -0.713472
35, 125.35, 166, 779, 0.547934
35, 125.35, 191, 195, -0.919289
35, 125.35, 201, 405, -0.310267
35, 125.35, 207, 438, 0.944546
35, 125.35, 209, 617, -0.369908
35, 125.35, 216, 381, 0.648991
35, 125.35, 228, 928, 1.43636
35, 125.35, 234, 716, 0.265029
35, 125.35, 274, 552, 0.66035
35, 125.35, 287, 469, 1.44716
35, 125.35, 314, 593, -0.817459
35, 125.35, 329, 540, -0.048044
35, 125.35, 429, 429, 0.0184703
35, 125.35, 455, 584, -0.874686
35, 125.35, 507, 763, 1.18508
35, 125.35, 525, 839, 0.345789
35, 125.35, 536, 628, -0.190878
35, 125.35, 750, 750, -0.155181
35, 125.35, 839, 839, 0.0508846
35, 125.35, 860, 860, -0.0145637
36, 119.708, 11, 616, 0.465159
36, 119.708, 13, 87, -1.24781
36, 119.708, 16, 93, -0.012119
36, 119.708, 16, 96, -0.00839858
36, 119.708, 16, 106, -0.735107
36, 119.708, 24, 67, 0.773967
36, 119.708, 32, 555, 0.45284
36, 119.708, 41, 591, 1.13749
36, 119.708, 43, 83, -0.500539
36, 119.708, 43, 93, -0.0544665
36, 119.708, 73, 393, 0.0704915
36, 119.708, 83, 93, -0.03231
36, 119.708, 87, 87, -0.188945
36, 119.708, 87, 750, -0.575067
36, 119.708, 91, 341, -0.0375665
36, 119.708, 93, 93, -0.0486255
36, 119.708, 93, 123, -0.0013392
36, 119.708, 93, 143, -0.027729
36, 119.708, 93, 174, -0.37574
36, 119.708, 93, 891, -0.512241
36, 119.708, 111, 349, 0.986432
36, 119.708, 120, 884, -0.773786
36, 119.708, 121, 326, 1.48258
36, 119.708, 129, 735, 0.703173
36, 119.708, 136, 307, -0.777862
36, 119.708, 138, 212, 0.33305
36, 119.708, 147, 160, -1.33953
36, 119.708, 152, 696, 1.21384
36, 119.708, 164, 606, -0.738166
36, 119.708, 166, 779, 0.583646
36, 119.708, 191, 195, -0.933674
36, 119.708, 201, 405, -0.341531
36, 119.708, 207, 438, 0.96456
36, 119.708, 209, 617, -0.395501
36, 119.708, 216, 381, 0.676247
36, 119.708, 228, 928, 1.47564
36, 119.708, 234, 716, 0.311388
36, 119.708, 274, 552, 0.69888
36, 119.708, 287, 469, 1.46978
36, 119.708, 314, 593, -0.856592
36, 119.708, 329, 540, -0.0833914
36, 119.708, 429, 429, 0.027671
36, 119.708, 455, 584, -0.909424
36, 119.708, 507, 763, 1.23097
36, 119.708, 525, 839, 0.415083
36, 119.708, 536, 628, -0.238172
36, 119.708, 750, 750, -0.155338
36, 119.708, 832, 951, -0.0837718
36, 119.708, 839, 839, 0.0481906
36, 119.708, 860, 860, -0.0329587
37, 114.32, 11, 616, 0.487067
37, 114.32, 13, 87, -1.26473
37, 114.32, 16, 93, -0.0192095
37, 114.32, 16, 96, -0.0127238
37, 114.32, 16, 106, -0.746348
37, 114.32, 24, 67, 0.791555
37, 114.32, 32, 555, 0.477215
37, 114.32, 41, 591, 1.16483
37, 114.32, 43, 83, -0.511022
37, 114.32, 43, 93, -0.0518101
37, 114.32, 73, 393, 0.088492
37, 114.32, 83, 93, -0.0303175
37, 114.32, 87, 87, -0.182933
37, 114.32, 87, 750, -0.610005
37, 114.32, 91, 341, -0.0561241
37, 114.32, 93, 93, -0.0387088
37, 114.32, 93, 123, -0.00794077
37, 114.32, 93, 143, -0.0336576
37, 114.32, 93, 174, -0.388198
37, 114.32, 93, 891, -0.558003
37, 114.32, 111, 349, 1.00903
37, 114.32, 120, 884, -0.825336
37, 114.32, 121, 326, 1.49841
37, 114.32, 129, 735, 0.734576
37, 114.32, 136, 307, -0.793846
37, 114.32, 138, 212, 0.356841
37, 114.32, 147, 160, -1.35151
37, 114.32, 152, 696, 1.24319
37, 114.32, 164, 606, -0.761669
37, 114.32, 166, 779, 0.618458
37, 114.32, 191, 195, -0.947321
37, 114.32, 201, 405, -0.370792
37, 114.32, 207, 438, 0.983259
37, 114.32, 209, 617, -0.419766
37, 114.32, 216, 381, 0.703172
37, 114.32, 228, 928, 1.51333
37, 114.32, 234, 716, 0.355293
37, 114.32, 274, 552, 0.735632
37, 114.32, 287, 469, 1.49036
37, 114.32, 305, 326, 0.00722346
37, 114.32, 314, 593, -0.894786
37, 114.32, 329, 540, -0.117656
37, 114.32, 429, 429, 0.0364327
37, 114.32, 455, 584, -0.942706
37, 114.32, 507, 763, 1.2738
37, 114.32, 525, 839, 0.480353
37, 114.32, 536, 628, -0.283335
37, 114.32, 750, 750, -0.155914
37, 114.32, 832, 951, -0.203358
37, 114.32, 839, 839, 0.0454994
37, 114.32, 860, 860, -0.0505981
38, 109.175, 11, 616, 0.507865
38, 109.175, 13, 87, -1.28091
38, 109.175, 16, 93, -0.026132
38, 109.175, 16, 96, -0.0168691
38, 109.175, 16, 106, -0.757028
38, 109.175, 24, 67, 0.808169
38, 109.175, 32, 555, 0.500404
38, 109.175, 41, 591, 1.19078
38, 109.175, 43, 83, -0.521184
38, 109.175, 43, 93, -0.0492067
38, 109.175, 61, 327, 0.00368804
38, 109.175, 73, 393, 0.105525
38, 109.175, 83, 93, -0.0284413
38, 109.175, 87, 87, -0.17724
38, 109.175, 87, 750, -0.643203
38, 109.175, 91, 341, -0.073737
38, 109.175, 93, 93, -0.0291619
38, 109.175, 93, 123, -0.0142468
38, 109.175, 93, 143, -0.0393217
38, 109.175, 93, 174, -0.40008
38, 109.175, 93, 891, -0.601524
38, 109.175, 111, 349, 1.03043
38, 109.175, 120, 884, -0.874544
38, 109.175, 121, 326, 1.5128
38, 109.175, 129, 735, 0.764654
38, 109.175, 136, 307, -0.808769
38, 109.175, 136, 321, -0.00118536
38, 109.175, 138, 212, 0.379502
38, 109.175, 147, 160, -1.3628
38, 109.175, 152, 696, 1.27104
38, 109.175, 164, 606, -0.784035
38, 109.175, 166, 779, 0.651575
38, 109.175, 191, 195, -0.960422
38, 109.175, 201, 405, -0.398596
38, 109.175, 207, 438, 1.001
38, 109.175, 209, 617, -0.442922
38, 109.175, 216, 381, 0.728659
38, 109.175, 228, 928, 1.54916
38, 109.175, 234, 716, 0.397153
38, 109.175, 274, 552, 0.770618
38, 109.175, 287, 469, 1.50997
38, 109.175, 305, 326, 0.0166203
38, 109.175, 314, 593, -0.931009
38, 109.175, 329, 540, -0.150407
38, 109.175, 429, 429, 0.0447655
38, 109.175, 455, 584, -0.974358
38, 109.175, 507, 763, 1.31437
38, 109.175, 525, 839, 0.542334
38, 109.175, 536, 628, -0.326396
38, 109.175, 750, 750, -0.156619
38, 109.175, 832, 951, -0.317561
38, 109.175, 839, 839, 0.0428635
38, 109.175, 860, 860, -0.0672668
39, 104.261, 11, 616, 0.527782
39, 104.261, 13, 87, -1.29607
39, 104.261, 16, 57, -0.00171755
39, 104.261, 16, 93, -0.0319607
39, 104.261, 16, 96, -0.0202599
39, 104.261, 16, 106, -0.767039
39, 104.261, 24, 67, 0.824004
39, 104.261, 32, 555, 0.522339
39, 104.261, 41, 591, 1.21502
39, 104.261, 43, 83, -0.531034
39, 104.261, 43, 93, -0.0466234
39, 104.261, 61, 327, 0.0100478
39, 104.261, 73, 393, 0.121651
39, 104.261, 83, 93, -0.0268251
39, 104.261, 87, 87, -0.171914
39, 104.261, 87, 750, -0.675138
39, 104.261, 91, 341, -0.090463
39, 104.261, 93, 93, -0.0182232
39, 104.261, 93, 123, -0.020228
39, 104.261, 93, 143, -0.0449409
39, 104.261, 93, 174, -0.411447
39, 104.261, 93, 279, -0.00660583
39, 104.261, 93, 891, -0.639981
39, 104.261, 111, 349, 1.05065
39, 104.261, 120, 884, -0.921063
39, 104.261, 121, 326, 1.52622
39, 104.261, 129, 735, 0.793507
39, 104.261, 136, 307, -0.821433
39, 104.261, 136, 321, -0.00803584
39, 104.261, 138, 212, 0.401108
39, 104.261, 147, 160, -1.3736
39, 104.261, 152, 696, 1.29739
39, 104.261, 164, 606, -0.805213
39, 104.261, 166, 779, 0.683007
39, 104.261, 191, 195, -0.973174
39, 104.261, 201, 405, -0.424612
39, 104.261, 207, 438, 1.01765
39, 104.261, 209, 617, -0.464844
39, 104.261, 216, 381, 0.752694
39, 104.261, 228, 928, 1.58283
39, 104.261, 234, 716, 0.436828
39, 104.261, 274, 552, 0.803874
39, 104.261, 287, 469, 1.52862
39, 104.261, 305, 326, 0.0260892
39, 104.261, 314, 593, -0.965473
39, 104.261, 329, 540, -0.181282
39, 104.261, 429, 429, 0.0525908
39, 104.261, 455, 584, -1.00439
39, 104.261, 507, 763, 1.35313
39, 104.261, 525, 839, 0.600966
39, 104.261, 536, 628, -0.366924
39, 104.261, 750, 750, -0.156994
39, 104.261, 832, 951, -0.426273
39, 104.261, 839, 839, 0.0405262
39, 104.261, 860, 860, -0.0829263
39, 104.261, 891, 891, -0.00313224
40, 99.5687, 11, 616, 0.546755
40, 99.5687, 13, 87, -1.31045
40, 99.5687, 16, 57, -0.00501535
40, 99.5687, 16, 93, -0.0364691
40, 99.5687, 16, 96, -0.0232425
40, 99.5687, 16, 106, -0.776326
40, 99.5687, 24, 67, 0.839203
40, 99.5687, 32, 555, 0.543352
40, 99.5687, 41, 591, 1.2383
40, 99.5687, 43, 83, -0.54025
40, 99.5687, 43, 93, -0.04408
40, 99.5687, 61, 327, 0.0161716
40, 99.5687, 73, 393, 0.136787
40, 99.5687, 83, 93, -0.0254723
40, 99.5687, 87, 87, -0.166995
40, 99.5687, 87, 750, -0.705504
40, 99.5687, 91, 341, -0.106342
40, 99.5687, 93, 93, -0.0084882
40, 99.5687, 93, 123, -0.0258488
40, 99.5687, 93, 143, -0.0500587
40, 99.5687, 93, 174, -0.422083
40, 99.5687, 93, 279, -0.0134208
40, 99.5687, 93, 891, -0.675991
40, 99.5687, 111, 349, 1.0702
40, 99.5687, 120, 884, -0.965141
40, 99.5687, 121, 326, 1.53893
40, 99.5687, 129, 735, 0.821136
40, 99.5687, 136, 307, -0.833539
40, 99.5687, 136, 321, -0.0147443
40, 99.5687, 138, 212, 0.42186
40, 99.5687, 147, 160, -1.3837
40, 99.5687, 152, 696, 1.32239
40, 99.5687, 164, 606, -0.825334
40, 99.5687, 166, 779, 0.713137
40, 99.5687, 191, 195, -0.98558
40, 99.5687, 201, 405, -0.449514
40, 99.5687, 207, 438, 1.03372
40, 99.5687, 209, 617, -0.485755
40, 99.5687, 216, 381, 0.77567
40, 99.5687, 228, 928, 1.61516
40, 99.5687, 234, 716, 0.47477
40, 99.5687, 274, 552, 0.835302
40, 99.5687, 287, 469, 1.54626
40, 99.5687, 305, 326, 0.034801
40, 99.5687, 314, 593, -0.998497
40, 99.5687, 329, 540, -0.211252
40, 99.5687, 421, 694, 0.00466124
40, 99.5687, 429, 429, 0.0599484
40, 99.5687, 455, 584, -1.03308
40, 99.5687, 507, 763, 1.39001
40, 99.5687, 525, 839, 0.656721
40, 99.5687, 536, 628, -0.40551
40, 99.5687, 539, 539, 0.00593268
40, 99.5687, 750, 750, -0.157525
40, 99.5687, 832, 951, -0.529603
40, 99.5687, 839, 839, 0.038057
40, 99.5687, 860, 860, -0.0976668
40, 99.5687, 891, 891, -0.00694405
41, 95.0873, 11, 616, 0.564875
41, 95.0873, 13, 87, -1.32451
41, 95.0873, 16, 57, -0.00805313
41, 95.0873, 16, 93, -0.0390804
41, 95.0873, 16, 96, -0.025077
41, 95.0873, 16, 106, -0.785387
41, 95.0873, 16, 551, -0.00367157
41, 95.0873, 24, 67, 0.854056
41, 95.0873, 32, 555, 0.563714
41, 95.0873, 41, 591, 1.26046
41, 95.0873, 43, 83, -0.549214
41, 95.0873, 43, 93, -0.0412385
41, 95.0873, 61, 199, 0.00523937
41, 95.0873, 61, 327, 0.0205003
41, 95.0873, 73, 393, 0.150922
41, 95.0873, 83, 93, -0.0241596
41, 95.0873, 87, 87, -0.161874
41, 95.0873, 87, 750, -0.735945
41, 95.0873, 91, 341, -0.121164
41, 95.0873, 93, 93, -0.000989858
41, 95.0873, 93, 123, -0.0308044
41, 95.0873, 93, 143, -0.0541704
41, 95.0873, 93, 174, -0.43207
41, 95.0873, 93, 279, -0.0200512
41, 95.0873, 93, 891, -0.70975
41, 95.0873, 111, 349, 1.08936
41, 95.0873, 120, 884, -1.00669
41, 95.0873, 121, 326, 1.55158
41, 95.0873, 129, 735, 0.846911
41, 95.0873, 136, 307, -0.845084
41, 95.0873, 136, 321, -0.0211656
41, 95.0873, 138, 212, 0.442167
41, 95.0873, 147, 160, -1.39292
41, 95.0873, 152, 696, 1.34615
41, 95.0873, 164, 606, -0.844218
41, 95.0873, 166, 779, 0.741597
41, 95.0873, 191, 195, -0.997634
41, 95.0873, 199, 429, 0.000366848
41, 95.0873, 201, 405, -0.473164
41, 95.0873, 207, 438, 1.04915
41, 95.0873, 209, 617, -0.506128
41, 95.0873, 216, 381, 0.797744
41, 95.0873, 228, 928, 1.64698
41, 95.0873, 234, 716, 0.511027
41, 95.0873, 274, 552, 0.865232
41, 95.0873, 287, 469, 1.56233
41, 95.0873, 305, 326, 0.0412445
41, 95.0873, 314, 593, -1.03077
41, 95.0873, 329, 540, -0.240921
41, 95.0873, 421, 694, 0.0360635
41, 95.0873, 429, 429, 0.0669447
41, 95.0873, 455, 584, -1.05985
41, 95.0873, 507, 763, 1.42575
41, 95.0873, 525, 839, 0.710164
41, 95.0873, 536, 628, -0.441401
41, 95.0873, 539, 539, 0.0155834
41, 95.0873, 551, 551, -0.00152526
41, 95.0873, 750, 750, -0.157661
41, 95.0873, 832, 951, -0.627851
41, 95.0873, 839, 839, 0.034939
41, 95.0873, 860, 860, -0.110847
41, 95.0873, 891, 891, -0.0108324
42, 90.8077, 11, 616, 0.581952
42, 90.8077, 13, 87, -1.33802
42, 90.8077, 16, 57, -0.0109512
42, 90.8077, 16, 93, -0.0402554
42, 90.8077, 16, 96, -0.02669
42, 90.8077, 16, 105, -0.00183685
42, 90.8077, 16, 106, -0.794098
42, 90.8077, 16, 551, -0.00518211
42, 90.8077, 24, 67, 0.868207
42, 90.8077, 32, 555, 0.583296
42, 90.8077, 41, 591, 1.28212
42, 90.8077, 43, 83, -0.558885
42, 90.8077, 43, 93, -0.036785
42, 90.8077, 60, 273, -0.00192562
42, 90.8077, 61, 199, 0.0111043
42, 90.8077, 61, 327, 0.0243946
42, 90.8077, 73, 393, 0.164318
42, 90.8077, 83, 93, -0.0216157
42, 90.8077, 87, 87, -0.156711
42, 90.8077, 87, 245, -0.0007264
42, 90.8077, 87, 750, -0.764994
42, 90.8077, 91, 341, -0.13499
42, 90.8077, 93, 123, -0.0338778
42, 90.8077, 93, 143, -0.0566287
42, 90.8077, 93, 174, -0.440394
42, 90.8077, 93, 279, -0.0249083
42, 90.8077, 93, 891, -0.740128
42, 90.8077, 102, 293, 0.00136537
42, 90.8077, 108, 341, -0.000268925
42, 90.8077, 111, 349, 1.10764
42, 90.8077, 120, 884, -1.04711
42, 90.8077, 121, 326, 1.56427
42, 90.8077, 129, 735, 0.870873
42, 90.8077, 136, 307, -0.856033
42, 90.8077, 136, 321, -0.0267268
42, 90.8077, 138, 212, 0.461565
42, 90.8077, 147, 160, -1.40168
42, 90.8077, 152, 696, 1.3687
42, 90.8077, 164, 606, -0.861908
42, 90.8077, 166, 779, 0.768489
42, 90.8077, 191, 195, -1.00954
42, 90.8077, 199, 429, 0.0149481
42, 90.8077, 201, 405, -0.495695
42, 90.8077, 207, 438, 1.06381
42, 90.8077, 209, 617, -0.526175
42, 90.8077, 216, 381, 0.818625
42, 90.8077, 228, 928, 1.67791
42, 90.8077, 234, 716, 0.546217
42, 90.8077, 274, 552, 0.893569
42, 90.8077, 287, 469, 1.57745
42, 90.8077, 305, 326, 0.0469265
42, 90.8077, 314, 593, -1.06149
42, 90.8077, 329, 540, -0.270136
42, 90.8077, 421, 694, 0.0666027
42, 90.8077, 429, 429, 0.0672511
42, 90.8077, 455, 584, -1.08517
42, 90.8077, 507, 763, 1.45968
42, 90.8077, 525, 839, 0.759931
42, 90.8077, 536, 628, -0.47523
42, 90.8077, 539, 539, 0.0250717
42, 90.8077, 551, 551, -0.00877018
42, 90.8077, 750, 750, -0.157636
42, 90.8077, 832, 951, -0.721422
42, 90.8077, 839, 839, 0.0327377
42, 90.8077, 860, 860, -0.12316
42, 90.8077, 891, 891, -0.0157897
43, 86.7207, 11, 616, 0.597417
43, 86.7207, 13, 87, -1.35091
43, 86.7207, 16, 57, -0.0138129
43, 86.7207, 16, 93, -0.039366
43, 86.7207, 16, 96, -0.027862
43, 86.7207, 16, 105, -0.00632125
43, 86.7207, 16, 106, -0.802101
43, 86.7207, 16, 551, -0.00611249
43, 86.7207, 24, 67, 0.881915
43, 86.7207, 32, 189, 0.00349759
43, 86.7207, 32, 555, 0.600893
43, 86.7207, 41, 591, 1.30234
43, 86.7207, 43, 83, -0.568791
43, 86.7207, 43, 93, -0.0319589
43, 86.7207, 47, 207, 0.00839861
43, 86.7207, 60, 273, -0.00873752
43, 86.7207, 61, 199, 0.0169073
43, 86.7207, 61, 327, 0.0279869
43, 86.7207, 73, 393, 0.176745
43, 86.7207, 83, 93, -0.0186084
43, 86.7207, 87, 87, -0.150151
43, 86.7207, 87, 245, -0.00525788
43, 86.7207, 87, 750, -0.793263
43, 86.7207, 90, 93, -0.00570411
43, 86.7207, 91, 341, -0.146353
43, 86.7207, 93, 123, -0.0360551
43, 86.7207, 93, 143, -0.0582717
43, 86.7207, 93, 174, -0.447417
43, 86.7207, 93, 279, -0.0284838
43, 86.7207, 93, 891, -0.768317
43, 86.7207, 102, 293, 0.00522907
43, 86.7207, 108, 341, -0.00587787
43, 86.7207, 108, 455, -0.00154596
43, 86.7207, 111, 349, 1.12484
43, 86.7207, 120, 884, -1.08529
43, 86.7207, 121, 326, 1.57659
43, 86.7207, 129, 735, 0.894156
43, 86.7207, 136, 307, -0.866104
43, 86.7207, 136, 321, -0.0314322
43, 86.7207, 138, 212, 0.479783
43, 86.7207, 147, 160, -1.41034
43, 86.7207, 152, 696, 1.39044
43, 86.7207, 164, 606, -0.878635
43, 86.7207, 166, 779, 0.793831
43, 86.7207, 191, 195, -1.02067
43, 86.7207, 199, 429, 0.0290465
43, 86.7207, 201, 405, -0.517321
43, 86.7207, 207, 438, 1.07518
43, 86.7207, 209, 617, -0.545512
43, 86.7207, 216, 381, 0.838199
43, 86.7207, 228, 928, 1.70705
43, 86.7207, 234, 716, 0.579318
43, 86.7207, 274, 552, 0.919688
43, 86.7207, 287, 469, 1.59188
43, 86.7207, 305, 326, 0.0521556
43, 86.7207, 314, 593, -1.0899
43, 86.7207, 329, 540, -0.298112
43, 86.7207, 421, 694, 0.0949129
43, 86.7207, 429, 429, 0.0675431
43, 86.7207, 455, 584, -1.10894
43, 86.7207, 507, 763, 1.49173
43, 86.7207, 525, 839, 0.805619
43, 86.7207, 536, 628, -0.50693
43, 86.7207, 539, 539, 0.0342909
43, 86.7207, 551, 551, -0.0161296
43, 86.7207, 716, 716, 0.000202642
43, 86.7207, 750, 750, -0.157287
43, 86.7207, 832, 951, -0.810995
43, 86.7207, 839, 839, 0.0311388
43, 86.7207, 860, 860, -0.134881
43, 86.7207, 891, 891, -0.0203161
44, 82.8176, 0, 118, 6.62692e-05
44, 82.8176, 11, 616, 0.612129
44, 82.8176, 13, 87, -1.3634
44, 82.8176, 16, 57, -0.0164212
44, 82.8176, 16, 93, -0.0384581
44, 82.8176, 16, 96, -0.0291396
44, 82.8176, 16, 105, -0.0106139
44, 82.8176, 16, 106, -0.809769
44, 82.8176, 16, 551, -0.00699031
44, 82.8176, 17, 429, 0.0035481
44, 82.8176, 24, 67, 0.89501
44, 82.8176, 32, 189, 0.00824156
44, 82.8176, 32, 555, 0.617138
44, 82.8176, 41, 591, 1.32178
44, 82.8176, 43, 83, -0.578365
44, 82.8176, 43, 93, -0.0271199
44, 82.8176, 47, 207, 0.0163721
44, 82.8176, 60, 273, -0.0151599
44, 82.8176, 61, 199, 0.022325
44, 82.8176, 61, 327, 0.0315088
44, 82.8176, 73, 393, 0.188663
44, 82.8176, 83, 93, -0.0158335
44, 82.8176, 87, 87, -0.143803
44, 82.8176, 87, 245, -0.00966039
44, 82.8176, 87, 750, -0.820206
44, 82.8176, 90, 93, -0.0114651
44, 82.8176, 91, 341, -0.157208
44, 82.8176, 93, 123, -0.0379484
44, 82.8176, 93, 143, -0.0598839
44, 82.8176, 93, 174, -0.454013
44, 82.8176, 93, 279, -0.0319765
44, 82.8176, 93, 891, -0.795147
44, 82.8176, 102, 293, 0.00888406
44, 82.8176, 108, 341, -0.0107454
44, 82.8176, 108, 455, -0.00435624
44, 82.8176, 111, 349, 1.14111
44, 82.8176, 120, 884, -1.12176
44, 82.8176, 121, 326, 1.58832
44, 82.8176, 129, 735, 0.916477
44, 82.8176, 136, 307, -0.875484
44, 82.8176, 136, 321, -0.0358978
44, 82.8176, 138, 212, 0.497169
44, 82.8176, 147, 160, -1.41846
44, 82.8176, 152, 696, 1.4111
44, 82.8176, 164, 606, -0.894595
44, 82.8176, 166, 779, 0.817811
44, 82.8176, 191, 195, -1.03127
44, 82.8176, 199, 429, 0.0424501
44, 82.8176, 201, 405, -0.537643
44, 82.8176, 207, 438, 1.08615
44, 82.8176, 209, 617, -0.562604
44, 82.8176, 216, 381, 0.856917
44, 82.8176, 228, 928, 1.73484
44, 82.8176, 234, 716, 0.608157
44, 82.8176, 274, 552, 0.944557
44, 82.8176, 287, 469, 1.60573
44, 82.8176, 305, 326, 0.0570886
44, 82.8176, 314, 593, -1.11667
44, 82.8176, 329, 540, -0.324831
44, 82.8176, 421, 694, 0.121936
44, 82.8176, 429, 429, 0.0661969
44, 82.8176, 455, 584, -1.13111
44, 82.8176, 488, 488, 0.00266973
44, 82.8176, 507, 763, 1.52218
44, 82.8176, 525, 839, 0.849693
44, 82.8176, 536, 628, -0.53723
44, 82.8176, 539, 539, 0.0430657
44, 82.8176, 551, 551, -0.0232093
44, 82.8176, 617, 617, -0.00147674
44, 82.8176, 716, 716, 0.00325939
44, 82.8176, 750, 750, -0.156966
44, 82.8176, 832, 951, -0.896382
44, 82.8176, 839, 839, 0.029516
44, 82.8176, 860, 860, -0.145917
44, 82.8176, 891, 891, -0.0247073
45, 79.0902, 0, 118, 0.00535028
45, 79.0902, 11, 616, 0.626003
45, 79.0902, 13, 87, -1.37566
45, 79.0902, 15, 93, -0.00162381
45, 79.0902, 16, 57, -0.0189116
45, 79.0902, 16, 93, -0.0372018
45, 79.0902, 16, 96, -0.0306978
45, 79.0902, 16, 105, -0.0146509
45, 79.0902, 16, 106, -0.817337
45, 79.0902, 16, 551, -0.00815721
45, 79.0902, 17, 429, 0.00965655
45, 79.0902, 24, 67, 0.907399
45, 79.0902, 32, 189, 0.0132698
45, 79.0902, 32, 555, 0.632174
45, 79.0902, 41, 591, 1.34069
45, 79.0902, 43, 83, -0.587481
45, 79.0902, 43, 93, -0.0218909
45, 79.0902, 47, 207, 0.0239897
45, 79.0902, 54, 293, 0.000277159
45, 79.0902, 60, 273, -0.0211966
45, 79.0902, 61, 199, 0.0273504
45, 79.0902, 61, 327, 0.034903
45, 79.0902, 73, 393, 0.199937
45, 79.0902, 83, 93, -0.0130032
45, 79.0902, 83, 657, -0.00103909
45, 79.0902, 87, 87, -0.135883
45, 79.0902, 87, 209, -0.00437087
45, 79.0902, 87, 245, -0.0137431
45, 79.0902, 87, 750, -0.845724
45, 79.0902, 90, 93, -0.0167002
45, 79.0902, 91, 341, -0.167381
45, 79.0902, 93, 123, -0.0396854
45, 79.0902, 93, 143, -0.0615129
45, 79.0902, 93, 174, -0.459972
45, 79.0902, 93, 279, -0.03524
45, 79.0902, 93, 891, -0.820801
45, 79.0902, 102, 293, 0.0122457
45, 79.0902, 108, 341, -0.0151546
45, 79.0902, 108, 455, -0.0070617
45, 79.0902, 111, 349, 1.15633
45, 79.0902, 120, 884, -1.15658
45, 79.0902, 121, 326, 1.59901
45, 79.0902, 129, 735, 0.937662
45, 79.0902, 136, 307, -0.883918
45, 79.0902, 136, 321, -0.040115
45, 79.0902, 138, 212, 0.513674
45, 79.0902, 147, 160, -1.42599
45, 79.0902, 152, 696, 1.43064
45, 79.0902, 164, 606, -0.909668
45, 79.0902, 166, 779, 0.840309
45, 79.0902, 191, 195, -1.04148
45, 79.0902, 199, 429, 0.055255
45, 79.0902, 201, 405, -0.557084
45, 79.0902, 207, 438, 1.09655
45, 79.0902, 209, 617, -0.575954
45, 79.0902, 216, 381, 0.874702
45, 79.0902, 228, 928, 1.76114
45, 79.0902, 234, 716, 0.635494
45, 79.0902, 274, 552, 0.968012
45, 79.0902, 287, 469, 1.61909
45, 79.0902, 305, 326, 0.0617234
45, 79.0902, 314, 593, -1.14202
45, 79.0902, 329, 540, -0.350284
45, 79.0902, 421, 694, 0.147598
45, 79.0902, 429, 429, 0.0635901
45, 79.0902, 455, 584, -1.15194
45, 79.0902, 488, 488, 0.00946001
45, 79.0902, 507, 763, 1.5514
45, 79.0902, 525, 839, 0.892361
45, 79.0902, 536, 628, -0.566378
45, 79.0902, 539, 539, 0.0511287
45, 79.0902, 551, 551, -0.0298039
45, 79.0902, 617, 617, -0.0048322
45, 79.0902, 716, 716, 0.00612438
45, 79.0902, 750, 750, -0.156628
45, 79.0902, 832, 951, -0.977089
45, 79.0902, 839, 839, 0.0280131
45, 79.0902, 860, 860, -0.156226
45, 79.0902, 891, 891, -0.0291605
46, 75.5306, 0, 118, 0.0101843
46, 75.5306, 4, 273, -0.00216731
46, 75.5306, 11, 616, 0.63802
46, 75.5306, 13, 87, -1.38667
46, 75.5306, 15, 93, -0.00567541
46, 75.5306, 16, 57, -0.020606
46, 75.5306, 16, 70, -0.00309059
46, 75.5306, 16, 93, -0.0345634
46, 75.5306, 16, 96, -0.0318142
46, 75.5306, 16, 105, -0.0184797
46, 75.5306, 16, 106, -0.824488
46, 75.5306, 16, 551, -0.00948773
46, 75.5306, 17, 429, 0.0162137
46, 75.5306, 24, 67, 0.919068
46, 75.5306, 32, 189, 0.0176605
46, 75.5306, 32, 555, 0.64593
46, 75.5306, 37, 606, -0.00589555
46, 75.5306, 41, 591, 1.35902
46, 75.5306, 43, 83, -0.594893
46, 75.5306, 43, 93, -0.0171811
46, 75.5306, 47, 207, 0.0310114
46, 75.5306, 54, 293, 0.00639002
46, 75.5306, 60, 273, -0.0257264
46, 75.5306, 61, 199, 0.0316889
46, 75.5306, 61, 327, 0.0374493
46, 75.5306, 61, 393, 0.00142483
46, 75.5306, 69, 357, -0.0033072
46, 75.5306, 73, 393, 0.210149
46, 75.5306, 83, 93, -0.00846289
46, 75.5306, 83, 657, -0.0135551
46, 75.5306, 87, 87, -0.125349
46, 75.5306, 87, 146, -0.00534545
46, 75.5306, 87, 209, -0.00919493
46, 75.5306, 87, 245, -0.0173613
46, 75.5306, 87, 340, -0.00218083
46, 75.5306, 87, 750, -0.870815
46, 75.5306, 90, 93, -0.0222141
46, 75.5306, 91, 341, -0.177387
46, 75.5306, 93, 123, -0.0411726
46, 75.5306, 93, 143, -0.0629947
46, 75.5306, 93, 174, -0.465233
46, 75.5306, 93, 279, -0.0387526
46, 75.5306, 93, 891, -0.845155
46, 75.5306, 102, 293, 0.0128558
46, 75.5306, 108, 341, -0.0192183
46, 75.5306, 108, 455, -0.00936279
46, 75.5306, 111, 349, 1.17053
46, 75.5306, 120, 884, -1.18927
46, 75.5306, 121, 326, 1.60932
46, 75.5306, 129, 735, 0.958214
46, 75.5306, 136, 307, -0.891737
46, 75.5306, 136, 321, -0.0444054
46, 75.5306, 138, 212, 0.528842
46, 75.5306, 147, 160, -1.43297
46, 75.5306, 152, 696, 1.44928
46, 75.5306, 163, 191, -0.00204488
46, 75.5306, 164, 606, -0.921433
46, 75.5306, 166, 779, 0.862424
46, 75.5306, 191, 195, -1.04991
46, 75.5306, 191, 273, -0.00104112
46, 75.5306, 199, 429, 0.0666973
46, 75.5306, 201, 405, -0.575639
46, 75.5306, 207, 438, 1.10682
46, 75.5306, 209, 617, -0.588305
46, 75.5306, 216, 381, 0.891371
46, 75.5306, 222, 287, 0.00137081
46, 75.5306, 228, 928, 1.78577
46, 75.5306, 234, 716, 0.661761
46, 75.5306, 274, 552, 0.98946
46, 75.5306, 287, 469, 1.63162
46, 75.5306, 305, 326, 0.0657229
46, 75.5306, 314, 593, -1.16624
46, 75.5306, 329, 540, -0.374711
46, 75.5306, 421, 694, 0.171501
46, 75.5306, 429, 429, 0.0606326
46, 75.5306, 455, 584, -1.17164
46, 75.5306, 488, 488, 0.0162529
46, 75.5306, 507, 763, 1.57932
46, 75.5306, 525, 839, 0.932828
46, 75.5306, 536, 628, -0.594251
46, 75.5306, 539, 539, 0.0587259
46, 75.5306, 551, 551, -0.0356546
46, 75.5306, 617, 617, -0.00779846
46, 75.5306, 716, 716, 0.00895877
46, 75.5306, 727, 727, 0.00491263
46, 75.5306, 750, 750, -0.15527
46, 75.5306, 832, 951, -1.05213
46, 75.5306, 839, 839, 0.0271162
46, 75.5306, 860, 860, -0.165367
46, 75.5306, 891, 891, -0.0343614
47, 72.1311, 0, 118, 0.0137258
47, 72.1311, 4, 273, -0.00710068
47, 72.1311, 11, 616, 0.649263
47, 72.1311, 13, 87, -1.39685
47, 72.1311, 15, 93, -0.0089342
47, 72.1311, 16, 57, -0.0214562
47, 72.1311, 16, 70, -0.00835195
47, 72.1311, 16, 93, -0.0318614
47, 72.1311, 16, 96, -0.0325352
47, 72.1311, 16, 105, -0.021755
47, 72.1311, 16, 106, -0.831658
47, 72.1311, 16, 551, -0.0105805
47, 72.1311, 17, 429, 0.0222738
47, 72.1311, 24, 67, 0.930323
47, 72.1311, 32, 189, 0.0204225
47, 72.1311, 32, 555, 0.658934
47, 72.1311, 37, 606, -0.0123194
47, 72.1311, 41, 591, 1.37706
47, 72.1311, 43, 83, -0.601527
47, 72.1311, 43, 93, -0.0132551
47, 72.1311, 47, 207, 0.0372575
47, 72.1311, 51, 109, 0.00145642
47, 72.1311, 54, 293, 0.0108367
47, 72.1311, 60, 273, -0.0273236
47, 72.1311, 61, 199, 0.0354649
47, 72.1311, 61, 327, 0.0401639
47, 72.1311, 61, 393, 0.0033763
47, 72.1311, 67, 199, 0.00128317
47, 72.1311, 69, 357, -0.0159124
47, 72.1311, 73, 393, 0.219281
47, 72.1311, 83, 93, -0.00506518
47, 72.1311, 83, 657, -0.0258318
47, 72.1311, 87, 87, -0.111627
47, 72.1311, 87, 146, -0.011958
47, 72.1311, 87, 209, -0.0132058
47, 72.1311, 87, 223, -0.00154477
47, 72.1311, 87, 245, -0.0209496
47, 72.1311, 87, 340, -0.0109941
47, 72.1311, 87, 750, -0.894319
47, 72.1311, 90, 93, -0.0280226
47, 72.1311, 91, 99, -0.00288888
47, 72.1311, 91, 341, -0.18624
47, 72.1311, 93, 123, -0.0430778
47, 72.1311, 93, 143, -0.0634243
47, 72.1311, 93, 174, -0.46983
47, 72.1311, 93, 279, -0.0427606
47, 72.1311, 93, 891, -0.867742
47, 72.1311, 98, 102, 0.000454591
47, 72.1311, 102, 293, 0.013654
47, 72.1311, 108, 341, -0.0240421
47, 72.1311, 108, 455, -0.0106015
47, 72.1311, 111, 349, 1.18358
47, 72.1311, 120, 884, -1.22049
47, 72.1311, 121, 326, 1.62005
47, 72.1311, 129, 735, 0.978611
47, 72.1311, 136, 307, -0.898718
47, 72.1311, 136, 321, -0.0474866
47, 72.1311, 138, 212, 0.542897
47, 72.1311, 147, 160, -1.4395
47, 72.1311, 152, 696, 1.46701
47, 72.1311, 163, 191, -0.00406367
47, 72.1311, 164, 606, -0.933054
47, 72.1311, 166, 779, 0.883311
47, 72.1311, 191, 195, -1.05738
47, 72.1311, 191, 273, -0.00547242
47, 72.1311, 199, 429, 0.0763306
47, 72.1311, 201, 405, -0.593567
47, 72.1311, 207, 438, 1.11708
47, 72.1311, 209, 617, -0.600938
47, 72.1311, 216, 381, 0.906775
47, 72.1311, 222, 287, 0.00438167
47, 72.1311, 228, 928, 1.809
47, 72.1311, 234, 716, 0.68762
47, 72.1311, 273, 273, -9.21436e-05
47, 72.1311, 274, 552, 1.01021
47, 72.1311, 287, 469, 1.64423
47, 72.1311, 305, 326, 0.0689367
47, 72.1311, 314, 593, -1.18936
47, 72.1311, 329, 540, -0.397831
47, 72.1311, 421, 694, 0.193746
47, 72.1311, 429, 429, 0.0580975
47, 72.1311, 455, 584, -1.19048
47, 72.1311, 488, 488, 0.0225523
47, 72.1311, 507, 763, 1.60494
47, 72.1311, 525, 839, 0.969923
47, 72.1311, 536, 628, -0.62054
47, 72.1311, 539, 539, 0.0654338
47, 72.1311, 551, 551, -0.0414509
47, 72.1311, 617, 617, -0.0100059
47, 72.1311, 637, 668, 0.0250905
47, 72.1311, 716, 716, 0.010329
47, 72.1311, 727, 727, 0.0134228
47, 72.1311, 750, 750, -0.154466
47, 72.1311, 832, 951, -1.12335
47, 72.1311, 839, 839, 0.0270085
47, 72.1311, 860, 860, -0.174001
47, 72.1311, 891, 891, -0.0400776
48, 68.8847, 0, 118, 0.0153932
48, 68.8847, 4, 273, -0.0103568
48, 68.8847, 6, 438, 0.0045429
48, 68.8847, 11, 616, 0.659403
48, 68.8847, 13, 87, -1.40701
48, 68.8847, 15, 93, -0.0120763
48, 68.8847, 16, 57, -0.0222302
48, 68.8847, 16, 70, -0.0135115
48, 68.8847, 16, 93, -0.0296244
48, 68.8847, 16, 96, -0.0334054
48, 68.8847, 16, 105, -0.0239351
48, 68.8847, 16, 106, -0.839328
48, 68.8847, 16, 551, -0.0100281
48, 68.8847, 17, 429, 0.0273029
48, 68.8847, 22, 317, 0.000874953
48, 68.8847, 24, 67, 0.940607
48, 68.8847, 32, 189, 0.0225585
48, 68.8847, 32, 555, 0.671071
48, 68.8847, 37, 606, -0.017336
48, 68.8847, 41, 591, 1.39443
48, 68.8847, 43, 83, -0.607545
48, 68.8847, 43, 93, -0.0100043
48, 68.8847, 47, 207, 0.0435323
48, 68.8847, 51, 109, 0.00561499
48, 68.8847, 54, 293, 0.0145693
48, 68.8847, 60, 273, -0.0279715
48, 68.8847, 61, 199, 0.0376497
48, 68.8847, 61, 327, 0.0433982
48, 68.8847, 61, 393, 0.00662739
48, 68.8847, 66, 102, 0.00413799
48, 68.8847, 67, 199, 0.00338068
48, 68.8847, 69, 357, -0.0280973
48, 68.8847, 73, 393, 0.226991
48, 68.8847, 83, 93, -0.00313859
48, 68.8847, 83, 657, -0.035252
48, 68.8847, 84, 201, -0.00170384
48, 68.8847, 87, 87, -0.0982767
48, 68.8847, 87, 146, -0.0182193
48, 68.8847, 87, 209, -0.0162705
48, 68.8847, 87, 223, -0.00484642
48, 68.8847, 87, 245, -0.0245463
48, 68.8847, 87, 340, -0.0191846
48, 68.8847, 87, 750, -0.91656
48, 68.8847, 90, 93, -0.034129
48, 68.8847, 91, 99, -0.00678876
48, 68.8847, 91, 341, -0.194412
48, 68.8847, 93, 123, -0.0442276
48, 68.8847, 93, 143, -0.0627365
48, 68.8847, 93, 174, -0.473814
48, 68.8847, 93, 279, -0.0454827
48, 68.8847, 93, 891, -0.88996
48, 68.8847, 98, 102, 0.00373953
48, 68.8847, 102, 293, 0.0124451
48, 68.8847, 108, 341, -0.0286102
48, 68.8847, 108, 455, -0.0118317
48, 68.8847, 111, 349, 1.19489
48, 68.8847, 120, 884, -1.25121
48, 68.8847, 121, 326, 1.6306
48, 68.8847, 129, 735, 0.99784
48, 68.8847, 136, 307, -0.90675
48, 68.8847, 136, 321, -0.0503781
48, 68.8847, 138, 212, 0.556992
48, 68.8847, 146, 273, -0.00101767
48, 68.8847, 147, 160, -1.44558
48, 68.8847, 152, 696, 1.48351
48, 68.8847, 163, 191, -0.00631944
48, 68.8847, 164, 606, -0.942859
48, 68.8847, 166, 779, 0.903005
48, 68.8847, 186, 232, 0.000731333
48, 68.8847, 191, 195, -1.06494
48, 68.8847, 191, 273, -0.00866212
48, 68.8847, 199, 429, 0.0849127
48, 68.8847, 201, 405, -0.609528
48, 68.8847, 207, 438, 1.12511
48, 68.8847, 209, 617, -0.613033
48, 68.8847, 216, 381, 0.920676
48, 68.8847, 222, 287, 0.00661048
48, 68.8847, 228, 928, 1.82966
48, 68.8847, 234, 716, 0.711985
48, 68.8847, 273, 273, -0.00182895
48, 68.8847, 274, 552, 1.02957
48, 68.8847, 287, 469, 1.65742
48, 68.8847, 305, 326, 0.0712264
48, 68.8847, 314, 593, -1.21249
48, 68.8847, 329, 540, -0.419765
48, 68.8847, 421, 694, 0.215446
48, 68.8847, 429, 429, 0.0552851
48, 68.8847, 455, 584, -1.20976
48, 68.8847, 488, 488, 0.0264252
48, 68.8847, 488, 623, 0.0102763
48, 68.8847, 507, 763, 1.63007
48, 68.8847, 525, 839, 1.00455
48, 68.8847, 536, 628, -0.645767
48, 68.8847, 539, 539, 0.0690169
48, 68.8847, 539, 770, 0.0192266
48, 68.8847, 551, 551, -0.0473707
48, 68.8847, 606, 606, -0.00159371
48, 68.8847, 617, 617, -0.0120154
48, 68.8847, 637, 668, 0.0523002
48, 68.8847, 657, 657, -0.00172098
48, 68.8847, 701, 726, 0.0220257
48, 68.8847, 709, 727, 0.0317059
48, 68.8847, 716, 716, 0.0117649
48, 68.8847, 727, 727, 0.0152625
48, 68.8847, 750, 750, -0.152618
48, 68.8847, 832, 951, -1.19034
48, 68.8847, 839, 839, 0.028013
48, 68.8847, 860, 860, -0.182837
48, 68.8847, 891, 891, -0.0439746
49, 65.7844, 0, 118, 0.0164511
49, 65.7844, 1, 329, -0.00137621
49, 65.7844, 4, 273, -0.0123907
49, 65.7844, 6, 438, 0.00924591
49, 65.7844, 11, 616, 0.668891
49, 65.7844, 12, 273, -0.00383483
49, 65.7844, 13, 87, -1.41707
49, 65.7844, 15, 93, -0.0152778
49, 65.7844, 16, 57, -0.022996
49, 65.7844, 16, 70, -0.0183173
49, 65.7844, 16, 93, -0.0278783
49, 65.7844, 16, 96, -0.0344862
49, 65.7844, 16, 105, -0.0245416
49, 65.7844, 16, 106, -0.846727
49, 65.7844, 16, 551, -0.00857542
49, 65.7844, 17, 429, 0.0314125
49, 65.7844, 22, 317, 0.00281378
49, 65.7844, 24, 67, 0.950086
49, 65.7844, 32, 189, 0.0248575
49, 65.7844, 32, 555, 0.683011
49, 65.7844, 37, 606, -0.0216443
49, 65.7844, 41, 591, 1.411
49, 65.7844, 43, 83, -0.613591
49, 65.7844, 43, 93, -0.0064544
49, 65.7844, 47, 207, 0.0494109
49, 65.7844, 51, 109, 0.00994012
49, 65.7844, 54, 72, 0.00158888
49, 65.7844, 54, 293, 0.0170507
49, 65.7844, 55, 541, 0.00414355
49, 65.7844, 60, 273, -0.0281583
49, 65.7844, 61, 199, 0.0386045
49, 65.7844, 61, 327, 0.046372
49, 65.7844, 61, 393, 0.0104351
49, 65.7844, 61, 423, 0.00211895
49, 65.7844, 66, 102, 0.00803724
49, 65.7844, 67, 199, 0.00561056
49, 65.7844, 69, 357, -0.0398893
49, 65.7844, 73, 393, 0.233641
49, 65.7844, 83, 93, -0.00171068
49, 65.7844, 83, 657, -0.0407454
49, 65.7844, 84, 201, -0.00448112
49, 65.7844, 87, 87, -0.0871464
49, 65.7844, 87, 146, -0.0219782
49, 65.7844, 87, 209, -0.0185235
49, 65.7844, 87, 223, -0.00745234
49, 65.7844, 87, 245, -0.0279384
49, 65.7844, 87, 340, -0.0269023
49, 65.7844, 87, 750, -0.937237
49, 65.7844, 90, 93, -0.0400524
49, 65.7844, 91, 99, -0.010448
49, 65.7844, 91, 341, -0.202453
49, 65.7844, 93, 123, -0.0450887
49, 65.7844, 93, 143, -0.0612407
49, 65.7844, 93, 174, -0.477517
49, 65.7844, 93, 279, -0.0474649
49, 65.7844, 93, 891, -0.911167
49, 65.7844, 98, 102, 0.00649904
49, 65.7844, 102, 293, 0.0119051
49, 65.7844, 108, 341, -0.0319651
49, 65.7844, 108, 455, -0.01368
49, 65.7844, 111, 349, 1.20544
49, 65.7844, 120, 884, -1.28063
49, 65.7844, 121, 326, 1.64124
49, 65.7844, 129, 735, 1.01636
49, 65.7844, 136, 307, -0.91538
49, 65.7844, 136, 321, -0.0527081
49, 65.7844, 138, 212, 0.570887
49, 65.7844, 146, 273, -0.00917313
49, 65.7844, 147, 160, -1.45157
49, 65.7844, 152, 696, 1.49879
49, 65.7844, 163, 191, -0.00888537
49, 65.7844, 164, 606, -0.952338
49, 65.7844, 166, 779, 0.922826
49, 65.7844, 186, 232, 0.00584355
49, 65.7844, 191, 195, -1.07265
49, 65.7844, 191, 273, -0.0103743
49, 65.7844, 199, 429, 0.0927706
49, 65.7844, 201, 405, -0.622802
49, 65.7844, 207, 438, 1.13361
49, 65.7844, 209, 617, -0.62517
49, 65.7844, 216, 381, 0.933756
49, 65.7844, 222, 287, 0.00870353
49, 65.7844, 228, 928, 1.84956
49, 65.7844, 234, 716, 0.73538
49, 65.7844, 274, 552, 1.04755
49, 65.7844, 287, 469, 1.67028
49, 65.7844, 305, 326, 0.0731467
49, 65.7844, 314, 593, -1.23412
49, 65.7844, 329, 540, -0.439761
49, 65.7844, 421, 694, 0.236388
49, 65.7844, 429, 429, 0.0529711
49, 65.7844, 455, 584, -1.22798
49, 65.7844, 488, 488, 0.027612
49, 65.7844, 488, 623, 0.0308917
49, 65.7844, 507, 763, 1.65457
49, 65.7844, 525, 839, 1.0374
49, 65.7844, 536, 628, -0.670026
49, 65.7844, 539, 539, 0.0705442
49, 65.7844, 539, 770, 0.048227
49, 65.7844, 551, 551, -0.0531858
49, 65.7844, 606, 606, -0.00278962
49, 65.7844, 617, 617, -0.0139552
49, 65.7844, 637, 668, 0.0770789
49, 65.7844, 657, 657, -0.0062499
49, 65.7844, 701, 726, 0.0558727
49, 65.7844, 709, 727, 0.0679478
49, 65.7844, 716, 716, 0.0125487
49, 65.7844, 727, 727, 0.0159232
49, 65.7844, 750, 750, -0.150289
49, 65.7844, 832, 951, -1.25471
49, 65.7844, 839, 839, 0.0289733
49, 65.7844, 860, 860, -0.191083
49, 65.7844, 886, 886, 0.00935916
49, 65.7844, 891, 891, -0.0467563
50, 62.8236, 0, 118, 0.0162472
50, 62.8236, 0, 154, 0.0042446
50, 62.8236, 1, 329, -0.00554079
50, 62.8236, 4, 273, -0.0137982
50, 62.8236, 6, 438, 0.0133008
50, 62.8236, 8, 551, -0.00103588
50, 62.8236, 11, 616, 0.678407
50, 62.8236, 12, 273, -0.00726056
50, 62.8236, 13, 87, -1.42609
50, 62.8236, 15, 93, -0.018631
50, 62.8236, 16, 57, -0.0237636
50, 62.8236, 16, 70, -0.0222162
50, 62.8236, 16, 93, -0.0263781
50, 62.8236, 16, 96, -0.0355806
50, 62.8236, 16, 105, -0.0244206
50, 62.8236, 16, 106, -0.853877
50, 62.8236, 16, 551, -0.00713722
50, 62.8236, 17, 429, 0.0357325
50, 62.8236, 22, 317, 0.00504724
50, 62.8236, 24, 67, 0.958863
50, 62.8236, 27, 136, -0.001482
50, 62.8236, 32, 189, 0.0271633
50, 62.8236, 32, 518, 0.000847833
50, 62.8236, 32, 555, 0.693961
50, 62.8236, 37, 606, -0.0258064
50, 62.8236, 41, 591, 1.42705
50, 62.8236, 43, 83, -0.618987
50, 62.8236, 43, 93, -0.00330078
50, 62.8236, 47, 207, 0.0544266
50, 62.8236, 51, 109, 0.0143201
50, 62.8236, 54, 72, 0.00621485
50, 62.8236, 54, 262, 0.000671278
50, 62.8236, 54, 293, 0.0180619
50, 62.8236, 55, 541, 0.00930139
50, 62.8236, 60, 273, -0.027412
50, 62.8236, 61, 199, 0.0380698
50, 62.8236, 61, 327, 0.0484779
50, 62.8236, 61, 393, 0.0132172
50, 62.8236, 61, 423, 0.00995905
50, 62.8236, 66, 102, 0.0111346
50, 62.8236, 67, 199, 0.00817864
50, 62.8236, 69, 357, -0.0511224
50, 62.8236, 73, 393, 0.240097
50, 62.8236, 83, 657, -0.0454029
50, 62.8236, 84, 201, -0.00747549
50, 62.8236, 87, 87, -0.0768451
50, 62.8236, 87, 146, -0.0252793
50, 62.8236, 87, 209, -0.0206348
50, 62.8236, 87, 223, -0.00980608
50, 62.8236, 87, 245, -0.031486
50, 62.8236, 87, 340, -0.0346454
50, 62.8236, 87, 750, -0.95654
50, 62.8236, 90, 93, -0.0454144
50, 62.8236, 91, 99, -0.0139661
50, 62.8236, 91, 341, -0.209508
50, 62.8236, 93, 123, -0.0461127
50, 62.8236, 93, 143, -0.0592507
50, 62.8236, 93, 174, -0.480951
50, 62.8236, 93, 279, -0.0491128
50, 62.8236, 93, 891, -0.932613
50, 62.8236, 98, 102, 0.00916247
50, 62.8236, 102, 293, 0.0116614
50, 62.8236, 108, 341, -0.0349682
50, 62.8236, 108, 455, -0.0154103
50, 62.8236, 111, 349, 1.21531
50, 62.8236, 120, 884, -1.30891
50, 62.8236, 121, 326, 1.65127
50, 62.8236, 129, 735, 1.03494
50, 62.8236, 136, 307, -0.923248
50, 62.8236, 136, 321, -0.0541575
50, 62.8236, 138, 212, 0.584665
50, 62.8236, 146, 273, -0.0167504
50, 62.8236, 147, 160, -1.45805
50, 62.8236, 152, 696, 1.5134
50, 62.8236, 163, 191, -0.0109147
50, 62.8236, 164, 606, -0.961246
50, 62.8236, 166, 779, 0.942268
50, 62.8236, 186, 232, 0.0108782
50, 62.8236, 187, 191, -0.000796728
50, 62.8236, 191, 195, -1.08031
50, 62.8236, 191, 273, -0.0111124
50, 62.8236, 199, 429, 0.101228
50, 62.8236, 201, 405, -0.634588
50, 62.8236, 207, 438, 1.14239
50, 62.8236, 209, 617, -0.635818
50, 62.8236, 216, 381, 0.946364
50, 62.8236, 222, 287, 0.0112769
50, 62.8236, 228, 928, 1.86868
50, 62.8236, 234, 716, 0.758685
50, 62.8236, 274, 552, 1.06544
50, 62.8236, 274, 860, -0.00278977
50, 62.8236, 287, 469, 1.68246
50, 62.8236, 305, 326, 0.0747518
50, 62.8236, 314, 593, -1.25558
50, 62.8236, 329, 540, -0.457703
50, 62.8236, 394, 539, 0.000394109
50, 62.8236, 414, 657, -0.0154733
50, 62.8236, 421, 440, 0.00232228
50, 62.8236, 421, 694, 0.255997
50, 62.8236, 429, 429, 0.050014
50, 62.8236, 433, 809, -0.00578156
50, 62.8236, 455, 584, -1.24469
50, 62.8236, 488, 488, 0.0291198
50, 62.8236, 488, 623, 0.0508586
50, 62.8236, 507, 763, 1.67764
50, 62.8236, 525, 839, 1.0687
50, 62.8236, 536, 628, -0.692995
50, 62.8236, 539, 539, 0.0718398
50, 62.8236, 539, 770, 0.0755955
50, 62.8236, 551, 551, -0.0586755
50, 62.8236, 606, 606, -0.00384322
50, 62.8236, 617, 617, -0.0161716
50, 62.8236, 637, 668, 0.100376
50, 62.8236, 657, 657, -0.00553306
50, 62.8236, 701, 726, 0.087194
50, 62.8236, 709, 727, 0.102089
50, 62.8236, 716, 716, 0.0125647
50, 62.8236, 727, 727, 0.0168286
50, 62.8236, 750, 750, -0.14798
50, 62.8236, 832, 951, -1.31528
50, 62.8236, 839, 839, 0.0293697
50, 62.8236, 860, 860, -0.197859
50, 62.8236, 886, 886, 0.0205759
50, 62.8236, 891, 891, -0.0494531
51, 59.9961, 0, 118, 0.0157421
51, 59.9961, 0, 154, 0.00851434
51, 59.9961, 1, 329, -0.00897029
51, 59.9961, 4, 273, -0.0150264
51, 59.9961, 6, 438, 0.0168773
51, 59.9961, 8, 551, -0.0038243
51, 59.9961, 11, 616, 0.687451
51, 59.9961, 12, 273, -0.0104451
51, 59.9961, 13, 87, -1.43438
51, 59.9961, 15, 93, -0.0208338
51, 59.9961, 16, 57, -0.0241665
51, 59.9961, 16, 70, -0.0253229
51, 59.9961, 16, 93, -0.0249205
51, 59.9961, 16, 96, -0.0365034
51, 59.9961, 16, 105, -0.0233918
51, 59.9961, 16, 106, -0.860985
51, 59.9961, 16, 551, -0.00581674
51, 59.9961, 17, 429, 0.0390077
51, 59.9961, 22, 317, 0.00703767
51, 59.9961, 24, 67, 0.968039
51, 59.9961, 27, 136, -0.00378777
51, 59.9961, 32, 189, 0.0291089
51, 59.9961, 32, 518, 0.00309445
51, 59.9961, 32, 555, 0.704408
51, 59.9961, 37, 606, -0.029065
51, 59.9961, 41, 591, 1.44211
51, 59.9961, 43, 83, -0.622946
51, 59.9961, 43, 93, -0.000665699
51, 59.9961, 47, 207, 0.0575993
51, 59.9961, 51, 109, 0.0173862
51, 59.9961, 54, 72, 0.00881538
51, 59.9961, 54, 262, 0.00354075
51, 59.9961, 54, 293, 0.0185031
51, 59.9961, 55, 541, 0.0127015
51, 59.9961, 60, 273, -0.027325
51, 59.9961, 61, 199, 0.0371266
51, 59.9961, 61, 215, 0.00360814
51, 59.9961, 61, 327, 0.0492707
51, 59.9961, 61, 393, 0.0148414
51, 59.9961, 61, 423, 0.0164553
51, 59.9961, 66, 102, 0.0136339
51, 59.9961, 67, 199, 0.0105742
51, 59.9961, 69, 357, -0.061653
51, 59.9961, 73, 393, 0.246392
51, 59.9961, 83, 657, -0.0480921
51, 59.9961, 84, 201, -0.00942574
51, 59.9961, 87, 87, -0.0686433
51, 59.9961, 87, 97, -0.00338273
51, 59.9961, 87, 146, -0.0274429
51, 59.9961, 87, 209, -0.0222111
51, 59.9961, 87, 223, -0.0113635
51, 59.9961, 87, 245, -0.0338057
51, 59.9961, 87, 340, -0.0377022
51, 59.9961, 87, 750, -0.975282
51, 59.9961, 89, 191, -0.000963376
51, 59.9961, 90, 93, -0.04965
51, 59.9961, 91, 99, -0.0163959
51, 59.9961, 91, 341, -0.215882
51, 59.9961, 93, 123, -0.0473497
51, 59.9961, 93, 143, -0.0565996
51, 59.9961, 93, 174, -0.485179
51, 59.9961, 93, 279, -0.0500521
51, 59.9961, 93, 891, -0.953801
51, 59.9961, 98, 102, 0.0114707
51, 59.9961, 102, 293, 0.0113321
51, 59.9961, 108, 341, -0.0375351
51, 59.9961, 108, 455, -0.0173013
51, 59.9961, 111, 349, 1.22514
51, 59.9961, 120, 884, -1.33653
51, 59.9961, 121, 326, 1.66137
51, 59.9961, 129, 735, 1.05436
51, 59.9961, 136, 307, -0.930523
51, 59.9961, 136, 321, -0.0556297
51, 59.9961, 138, 212, 0.598715
51, 59.9961, 146, 273, -0.0255931
51, 59.9961, 147, 160, -1.4648
51, 59.9961, 152, 696, 1.52745
51, 59.9961, 163, 191, -0.0124772
51, 59.9961, 164, 606, -0.96968
51, 59.9961, 166, 779, 0.961013
51, 59.9961, 186, 232, 0.0154345
51, 59.9961, 187, 191, -0.00383092
51, 59.9961, 191, 195, -1.08625
51, 59.9961, 191, 273, -0.00992397
51, 59.9961, 199, 429, 0.109332
51, 59.9961, 201, 405, -0.645836
51, 59.9961, 207, 438, 1.15218
51, 59.9961, 209, 617, -0.645462
51, 59.9961, 212, 541, 0.000103257
51, 59.9961, 216, 381, 0.957324
51, 59.9961, 221, 340, -0.0118652
51, 59.9961, 222, 287, 0.0137169
51, 59.9961, 228, 928, 1.88693
51, 59.9961, 234, 716, 0.781976
51, 59.9961, 274, 552, 1.08479
51, 59.9961, 274, 860, -0.0293424
51, 59.9961, 287, 469, 1.69324
51, 59.9961, 305, 326, 0.0750877
51, 59.9961, 314, 593, -1.27635
51, 59.9961, 322, 623, -0.00589063
51, 59.9961, 329, 540, -0.474885
51, 59.9961, 381, 458, 0.0040724
51, 59.9961, 394, 539, 0.0141759
51, 59.9961, 414, 657, -0.0395877
51, 59.9961, 421, 440, 0.00896725
51, 59.9961, 421, 694, 0.274672
51, 59.9961, 429, 429, 0.0469814
51, 59.9961, 433, 809, -0.0336649
51, 59.9961, 455, 584, -1.25939
51, 59.9961, 488, 488, 0.0280708
51, 59.9961, 488, 539, 0.00370653
51, 59.9961, 488, 623, 0.0728442
51, 59.9961, 507, 763, 1.69918
51, 59.9961, 525, 839, 1.10002
51, 59.9961, 536, 628, -0.71255
51, 59.9961, 539, 539, 0.0673828
51, 59.9961, 539, 770, 0.101643
51, 59.9961, 541, 541, 0.00124031
51, 59.9961, 551, 551, -0.0632553
51, 59.9961, 606, 606, -0.0047964
51, 59.9961, 617, 617, -0.0183229
51, 59.9961, 637, 668, 0.123812
51, 59.9961, 657, 657, -0.00280594
51, 59.9961, 701, 726, 0.117588
51, 59.9961, 709, 727, 0.134927
51, 59.9961, 716, 716, 0.0110812
51, 59.9961, 727, 727, 0.0175553
51, 59.9961, 750, 750, -0.146129
51, 59.9961, 812, 886, 0.00927934
51, 59.9961, 832, 951, -1.37401
51, 59.9961, 839, 839, 0.029589
51, 59.9961, 860, 860, -0.195255
51, 59.9961, 886, 886, 0.0286355
51, 59.9961, 891, 891, -0.0510852
52, 57.2958, 0, 118, 0.0153532
52, 57.2958, 0, 154, 0.0115306
52, 57.2958, 1, 329, -0.01226
52, 57.2958, 4, 93, -0.000540561
52, 57.2958, 4, 273, -0.0169533
52, 57.2958, 6, 438, 0.0198425
52, 57.2958, 8, 551, -0.00620584
52, 57.2958, 11, 616, 0.695857
52, 57.2958, 12, 273, -0.0128739
52, 57.2958, 13, 87, -1.44306
52, 57.2958, 15, 93, -0.0206006
52, 57.2958, 15, 187, -0.00260018
52, 57.2958, 16, 57, -0.0247179
52, 57.2958, 16, 70, -0.0277667
52, 57.2958, 16, 93, -0.0243323
52, 57.2958, 16, 96, -0.0351586
52, 57.2958, 16, 105, -0.0220973
52, 57.2958, 16, 106, -0.867539
52, 57.2958, 16, 551, -0.00509941
52, 57.2958, 17, 429, 0.0428894
52, 57.2958, 22, 317, 0.00881951
52, 57.2958, 24, 67, 0.975084
52, 57.2958, 24, 111, 0.00212796
52, 57.2958, 24, 222, 0.00229326
52, 57.2958, 27, 136, -0.00602749
52, 57.2958, 32, 189, 0.0305424
52, 57.2958, 32, 518, 0.00487847
52, 57.2958, 32, 555, 0.715423
52, 57.2958, 35, 539, 0.00255894
52, 57.2958, 37, 606, -0.0310949
52, 57.2958, 39, 50, -0.000316544
52, 57.2958, 39, 96, -0.000712548
52, 57.2958, 41, 591, 1.45533
52, 57.2958, 43, 83, -0.625949
52, 57.2958, 47, 207, 0.0592793
52, 57.2958, 51, 109, 0.019579
52, 57.2958, 54, 72, 0.01009
52, 57.2958, 54, 262, 0.00662739
52, 57.2958, 54, 293, 0.0182188
52, 57.2958, 55, 541, 0.0141702
52, 57.2958, 60, 273, -0.0265209
52, 57.2958, 61, 199, 0.034965
52, 57.2958, 61, 215, 0.00691739
52, 57.2958, 61, 327, 0.0496331
52, 57.2958, 61, 393, 0.0156091
52, 57.2958, 61, 423, 0.0242504
52, 57.2958, 64, 365, -0.00266219
52, 57.2958, 66, 102, 0.0161058
52, 57.2958, 67, 199, 0.0132664
52, 57.2958, 67, 694, 0.00305617
52, 57.2958, 69, 357, -0.0716091
52, 57.2958, 73, 393, 0.252153
52, 57.2958, 83, 657, -0.0503471
52, 57.2958, 84, 201, -0.0107865
52, 57.2958, 87, 87, -0.0604598
52, 57.2958, 87, 97, -0.00837498
52, 57.2958, 87, 146, -0.0283293
52, 57.2958, 87, 180, -0.000620453
52, 57.2958, 87, 209, -0.023384
52, 57.2958, 87, 223, -0.0118767
52, 57.2958, 87, 245, -0.0353902
52, 57.2958, 87, 340, -0.039306
52, 57.2958, 87, 750, -0.995664
52, 57.2958, 89, 191, -0.002814
52, 57.2958, 90, 93, -0.0526738
52, 57.2958, 91, 99, -0.017777
52, 57.2958, 91, 341, -0.223333
52, 57.2958, 93, 123, -0.0479184
52, 57.2958, 93, 143, -0.0544065
52, 57.2958, 93, 174, -0.48943
52, 57.2958, 93, 279, -0.0507105
52, 57.2958, 93, 891, -0.973461
52, 57.2958, 98, 102, 0.0122895
52, 57.2958, 99, 106, -0.00237668
52, 57.2958, 102, 293, 0.0118406
52, 57.2958, 108, 341, -0.0395261
52, 57.2958, 108, 455, -0.0182676
52, 57.2958, 111, 349, 1.2337
52, 57.2958, 120, 884, -1.36353
52, 57.2958, 121, 326, 1.67188
52, 57.2958, 129, 735, 1.07248
52, 57.2958, 130, 763, 0.000953486
52, 57.2958, 136, 307, -0.937097
52, 57.2958, 136, 321, -0.0570261
52, 57.2958, 138, 212, 0.611308
52, 57.2958, 146, 273, -0.0339187
52, 57.2958, 147, 160, -1.47085
52, 57.2958, 152, 696, 1.53993
52, 57.2958, 163, 191, -0.0137973
52, 57.2958, 164, 606, -0.977546
52, 57.2958, 166, 779, 0.979101
52, 57.2958, 179, 405, -0.000734918
52, 57.2958, 186, 232, 0.01749
52, 57.2958, 186, 488, 0.00482171
52, 57.2958, 187, 191, -0.00523629
52, 57.2958, 191, 195, -1.09163
52, 57.2958, 191, 273, -0.0080574
52, 57.2958, 199, 429, 0.118687
52, 57.2958, 201, 405, -0.655504
52, 57.2958, 207, 438, 1.16179
52, 57.2958, 209, 617, -0.65445
52, 57.2958, 212, 541, 0.00197255
52, 57.2958, 216, 381, 0.967754
52, 57.2958, 217, 979, 0.027308
52, 57.2958, 221, 340, -0.0253601
52, 57.2958, 222, 287, 0.0141412
52, 57.2958, 228, 928, 1.90532
52, 57.2958, 234, 716, 0.804127
52, 57.2958, 252, 317, 1.28232e-05
52, 57.2958, 266, 540, -0.00151529
52, 57.2958, 274, 552, 1.10273
52, 57.2958, 274, 860, -0.0534788
52, 57.2958, 287, 469, 1.70387
52, 57.2958, 291, 998, 0.0141007
52, 57.2958, 305, 326, 0.0756975
52, 57.2958, 314, 593, -1.29568
52, 57.2958, 322, 623, -0.0200964
52, 57.2958, 329, 540, -0.490173
52, 57.2958, 381, 458, 0.00811608
52, 57.2958, 394, 539, 0.0279108
52, 57.2958, 414, 657, -0.0613759
52, 57.2958, 421, 440, 0.0139011
52, 57.2958, 421, 694, 0.291744
52, 57.2958, 423, 551, -0.00524019
52, 57.2958, 429, 429, 0.0432254
52, 57.2958, 433, 809, -0.0613632
52, 57.2958, 455, 584, -1.27518
52, 57.2958, 488, 488, 0.0242291
52, 57.2958, 488, 539, 0.0074963
52, 57.2958, 488, 623, 0.0966618
52, 57.2958, 507, 763, 1.71892
52, 57.2958, 525, 839, 1.13022
52, 57.2958, 536, 628, -0.731916
52, 57.2958, 539, 539, 0.0610905
52, 57.2958, 539, 770, 0.127187
52, 57.2958, 541, 541, 0.0043598
52, 57.2958, 551, 551, -0.0652819
52, 57.2958, 606, 606, -0.00600974
52, 57.2958, 617, 617, -0.0197569
52, 57.2958, 637, 668, 0.147023
52, 57.2958, 657, 657, -0.000845277
52, 57.2958, 701, 726, 0.147088
52, 57.2958, 709, 727, 0.166999
52, 57.2958, 716, 716, 0.0102273
52, 57.2958, 727, 727, 0.0181642
52, 57.2958, 750, 750, -0.142636
52, 57.2958, 812, 886, 0.0583553
52, 57.2958, 832, 951, -1.4299
52, 57.2958, 839, 839, 0.0301401
52, 57.2958, 860, 860, -0.19241
52, 57.2958, 886, 886, 0.0280578
52, 57.2958, 891, 891, -0.0518547
52, 57.2958, 952, 952, -0.00734786
